pickup,dropoff,pickup_zone,dropoff_zone,pickup_borough,dropoff_borough
2019-03-04 16:11:55,2019-03-04 16:19:00,Upper West Side South,Upper West Side South,Manhattan,Manhattan
2019-03-23 11:48:50,2019-03-23 12:06:14,East Harlem South,Midtown Center,Manhattan,Manhattan
2019-03-18 21:27:14,2019-03-18 21:34:16,Murray Hill,Midtown Center,Manhattan,Manhattan
2019-03-15 12:36:05,2019-03-15 12:54:28,East Chelsea,Meatpacking/West Village West,Manhattan,Manhattan
2019-03-23 20:50:49,2019-03-23 21:02:07,Midtown Center,East Harlem South,Manhattan,Manhattan
2019-03-18 16:03:14,2019-03-18 16:10:36,Gramercy,Murray Hill,Manhattan,Manhattan
2019-03-20 18:49:24,2019-03-20 19:12:40,JFK Airport,Sunnyside,Queens,Queens
2019-03-13 07:34:09,2019-03-13 07:38:18,East Chelsea,Garment District,Manhattan,Manhattan
2019-03-29 08:48:46,2019-03-29 08:56:07,Murray Hill,Union Sq,Manhattan,Manhattan
2019-03-18 19:57:00,2019-03-18 20:06:22,Central Park,Midtown North,Manhattan,Manhattan
2019-03-17 22:47:36,2019-03-17 22:55:32,West Chelsea/Hudson Yards,Meatpacking/West Village West,Manhattan,Manhattan
2019-03-06 20:00:28,2019-03-06 20:11:50,Upper East Side South,Upper West Side North,Manhattan,Manhattan
2019-03-12 17:05:47,2019-03-12 17:12:12,Central Park,Upper West Side North,Manhattan,Manhattan
2019-03-15 10:56:56,2019-03-15 11:37:02,Times Sq/Theatre District,LaGuardia Airport,Manhattan,Queens
2019-03-01 16:10:56,2019-03-01 16:15:58,Midtown Center,Sutton Place/Turtle Bay North,Manhattan,Manhattan
2019-03-20 21:17:25,2019-03-20 21:22:39,Clinton East,Midtown Center,Manhattan,Manhattan
2019-03-04 13:06:09,2019-03-04 13:16:31,Midtown Center,Upper East Side North,Manhattan,Manhattan
2019-03-31 17:17:53,2019-03-31 17:29:00,East Harlem South,Manhattan Valley,Manhattan,Manhattan
2019-03-06 18:59:05,2019-03-06 19:11:27,Gramercy,Union Sq,Manhattan,Manhattan
2019-03-23 18:35:01,2019-03-23 18:47:39,UN/Turtle Bay South,East Village,Manhattan,Manhattan
2019-03-11 11:36:07,2019-03-11 11:57:43,Financial District North,Stuy Town/Peter Cooper Village,Manhattan,Manhattan
2019-03-29 10:25:21,2019-03-29 11:14:27,Times Sq/Theatre District,Williamsburg (North Side),Manhattan,Brooklyn
2019-03-28 05:39:40,2019-03-28 05:47:07,Lenox Hill West,Garment District,Manhattan,Manhattan
2019-03-05 15:39:52,2019-03-05 15:44:51,Clinton East,Midtown North,Manhattan,Manhattan
2019-03-13 16:40:50,2019-03-13 16:51:55,Central Park,Upper East Side North,Manhattan,Manhattan
2019-03-31 15:21:11,2019-03-31 15:37:28,East Village,West Village,Manhattan,Manhattan
2019-03-21 21:31:56,2019-03-21 21:49:14,Meatpacking/West Village West,East Village,Manhattan,Manhattan
2019-03-11 20:45:26,2019-03-11 20:50:27,East Village,Gramercy,Manhattan,Manhattan
2019-03-26 12:52:27,2019-03-26 13:07:01,Sutton Place/Turtle Bay North,Midtown South,Manhattan,Manhattan
2019-03-19 16:13:05,2019-03-19 16:14:39,Greenwich Village North,Greenwich Village North,Manhattan,Manhattan
2019-03-16 13:18:43,2019-03-16 13:33:44,West Chelsea/Hudson Yards,Times Sq/Theatre District,Manhattan,Manhattan
2019-03-14 07:59:57,2019-03-14 08:09:42,Upper East Side South,Upper East Side North,Manhattan,Manhattan
2019-03-15 14:19:05,2019-03-15 14:20:39,Lenox Hill West,Yorkville West,Manhattan,Manhattan
2019-03-07 17:15:41,2019-03-07 17:18:41,Upper West Side South,Upper West Side North,Manhattan,Manhattan
2019-03-30 23:38:33,2019-03-30 23:48:10,SoHo,Lower East Side,Manhattan,Manhattan
2019-03-03 21:02:46,2019-03-03 21:22:46,LaGuardia Airport,Upper East Side South,Queens,Manhattan
2019-03-07 18:49:41,2019-03-07 19:07:05,Yorkville West,Lincoln Square East,Manhattan,Manhattan
2019-03-07 13:07:41,2019-03-07 13:22:19,Midtown Center,Union Sq,Manhattan,Manhattan
2019-03-09 02:35:34,2019-03-09 03:10:06,Gramercy,Washington Heights South,Manhattan,Manhattan
2019-03-26 22:40:00,2019-03-26 22:56:19,Midtown East,Greenpoint,Manhattan,Brooklyn
2019-03-05 07:01:12,2019-03-05 07:10:34,Financial District North,TriBeCa/Civic Center,Manhattan,Manhattan
2019-03-04 22:21:05,2019-03-04 22:30:40,Midtown Center,Yorkville West,Manhattan,Manhattan
2019-03-18 15:10:01,2019-03-18 15:30:21,Upper East Side North,LaGuardia Airport,Manhattan,Queens
2019-03-24 06:21:12,2019-03-24 06:46:32,JFK Airport,Brooklyn Heights,Queens,Brooklyn
2019-03-19 09:38:21,2019-03-19 09:58:34,Kips Bay,East Chelsea,Manhattan,Manhattan
2019-03-28 13:18:44,2019-03-28 13:27:20,Lenox Hill East,Upper East Side North,Manhattan,Manhattan
2019-03-24 00:27:46,2019-03-24 00:35:12,West Village,Penn Station/Madison Sq West,Manhattan,Manhattan
2019-03-06 14:39:34,2019-03-06 14:46:56,Murray Hill,Garment District,Manhattan,Manhattan
2019-03-31 19:48:55,2019-03-31 20:00:50,Greenwich Village North,Meatpacking/West Village West,Manhattan,Manhattan
2019-03-30 09:25:34,2019-03-30 09:28:42,Times Sq/Theatre District,Garment District,Manhattan,Manhattan
2019-03-19 11:00:45,2019-03-19 11:07:21,Lincoln Square East,Upper West Side North,Manhattan,Manhattan
2019-03-08 22:06:50,2019-03-08 22:22:07,Lenox Hill West,East Village,Manhattan,Manhattan
2019-03-03 22:42:09,2019-03-03 22:47:36,Lincoln Square East,Lincoln Square West,Manhattan,Manhattan
2019-03-17 06:49:50,2019-03-17 06:59:38,East Village,Penn Station/Madison Sq West,Manhattan,Manhattan
2019-03-24 08:53:31,2019-03-24 08:57:29,Chinatown,Greenwich Village South,Manhattan,Manhattan
2019-03-28 19:48:23,2019-03-28 20:04:37,Times Sq/Theatre District,Union Sq,Manhattan,Manhattan
2019-03-01 09:33:42,2019-03-01 09:48:36,Clinton East,Penn Station/Madison Sq West,Manhattan,Manhattan
2019-03-15 22:38:47,2019-03-15 22:41:19,Clinton East,Lincoln Square West,Manhattan,Manhattan
2019-03-12 18:23:06,2019-03-12 18:31:25,Midtown Center,Midtown South,Manhattan,Manhattan
2019-03-12 09:24:13,2019-03-12 09:40:30,Hudson Sq,East Chelsea,Manhattan,Manhattan
2019-03-14 19:06:21,2019-03-14 19:28:14,East Chelsea,Garment District,Manhattan,Manhattan
2019-03-01 08:32:53,2019-03-01 08:47:18,Hudson Sq,Alphabet City,Manhattan,Manhattan
2019-03-31 00:14:24,2019-03-31 00:29:29,East Village,Two Bridges/Seward Park,Manhattan,Manhattan
2019-03-06 22:16:22,2019-03-06 22:28:48,Times Sq/Theatre District,Upper East Side North,Manhattan,Manhattan
2019-03-02 07:28:47,2019-03-02 07:35:25,Upper East Side South,Murray Hill,Manhattan,Manhattan
2019-03-18 08:01:22,2019-03-18 08:09:14,Little Italy/NoLiTa,Greenwich Village North,Manhattan,Manhattan
2019-03-08 18:37:06,2019-03-08 18:44:08,Morningside Heights,Upper West Side North,Manhattan,Manhattan
2019-03-26 14:18:55,2019-03-26 14:27:01,East Village,Gramercy,Manhattan,Manhattan
2019-03-31 10:54:31,2019-03-31 10:57:34,Williamsburg (South Side),Williamsburg (South Side),Brooklyn,Brooklyn
2019-03-07 16:31:21,2019-03-07 16:40:50,TriBeCa/Civic Center,SoHo,Manhattan,Manhattan
2019-03-17 03:42:53,2019-03-17 03:50:53,Union Sq,Financial District North,Manhattan,Manhattan
2019-03-30 18:52:10,2019-03-30 19:04:46,Midtown South,Upper East Side North,Manhattan,Manhattan
2019-03-06 22:04:19,2019-03-06 22:12:56,Battery Park City,TriBeCa/Civic Center,Manhattan,Manhattan
2019-03-28 21:26:12,2019-03-28 21:33:37,Midtown North,Garment District,Manhattan,Manhattan
2019-03-29 09:44:36,2019-03-29 10:07:13,Upper East Side South,Garment District,Manhattan,Manhattan
2019-03-21 16:33:14,2019-03-21 17:17:49,Midtown Center,LaGuardia Airport,Manhattan,Queens
2019-03-10 05:10:07,2019-03-10 05:25:27,Meatpacking/West Village West,Lincoln Square West,Manhattan,Manhattan
2019-03-08 02:41:09,2019-03-08 03:03:39,Clinton East,Cobble Hill,Manhattan,Brooklyn
2019-03-02 00:50:31,2019-03-02 00:58:26,Kips Bay,West Village,Manhattan,Manhattan
2019-03-26 17:03:17,2019-03-26 17:39:56,LaGuardia Airport,Garment District,Queens,Manhattan
2019-03-16 15:37:34,2019-03-16 15:46:58,West Village,Gramercy,Manhattan,Manhattan
2019-03-31 17:36:23,2019-03-31 17:49:11,LaGuardia Airport,Sunnyside,Queens,Queens
2019-03-11 00:27:49,2019-03-11 00:31:23,UN/Turtle Bay South,Gramercy,Manhattan,Manhattan
2019-03-06 13:33:16,2019-03-06 13:44:52,West Village,Penn Station/Madison Sq West,Manhattan,Manhattan
2019-03-15 16:13:07,2019-03-15 16:17:32,Upper East Side South,Upper East Side South,Manhattan,Manhattan
2019-03-30 22:16:03,2019-03-30 22:43:13,West Village,Midtown North,Manhattan,Manhattan
2019-03-27 02:08:11,2019-03-27 02:38:39,JFK Airport,East New York,Queens,Brooklyn
2019-03-22 19:25:34,2019-03-22 19:39:24,Midtown Center,Penn Station/Madison Sq West,Manhattan,Manhattan
2019-03-14 07:19:23,2019-03-14 07:27:28,Penn Station/Madison Sq West,Greenwich Village South,Manhattan,Manhattan
2019-03-05 14:20:23,2019-03-05 14:28:41,Midtown North,Lincoln Square East,Manhattan,Manhattan
2019-03-24 12:24:59,2019-03-24 12:33:26,Lenox Hill East,Midtown East,Manhattan,Manhattan
2019-03-23 16:19:54,2019-03-23 16:22:52,Hudson Sq,Meatpacking/West Village West,Manhattan,Manhattan
2019-03-28 11:30:22,2019-03-28 11:40:46,Midtown Center,Garment District,Manhattan,Manhattan
2019-03-07 14:27:58,2019-03-07 14:45:49,Sunnyside,Elmhurst,Queens,Queens
2019-03-19 18:22:18,2019-03-19 18:37:55,Penn Station/Madison Sq West,Lincoln Square East,Manhattan,Manhattan
2019-03-21 11:47:07,2019-03-21 12:00:06,Midtown North,Lincoln Square East,Manhattan,Manhattan
2019-03-16 17:54:48,2019-03-16 18:30:32,Penn Station/Madison Sq West,East Williamsburg,Manhattan,Brooklyn
2019-03-23 03:12:19,2019-03-23 03:18:48,West Village,Little Italy/NoLiTa,Manhattan,Manhattan
2019-03-12 12:07:21,2019-03-12 12:18:08,Washington Heights South,University Heights/Morris Heights,Manhattan,Bronx
2019-03-18 17:54:03,2019-03-18 17:57:34,West Village,SoHo,Manhattan,Manhattan
2019-03-31 14:38:27,2019-03-31 14:57:02,Penn Station/Madison Sq West,Financial District North,Manhattan,Manhattan
2019-03-06 11:44:21,2019-03-06 12:03:05,Upper East Side North,Midtown Center,Manhattan,Manhattan
2019-03-04 09:03:11,2019-03-04 09:20:35,Astoria,UN/Turtle Bay South,Queens,Manhattan
2019-03-14 19:27:03,2019-03-14 19:30:46,Upper East Side South,Upper East Side North,Manhattan,Manhattan
2019-03-17 21:21:53,2019-03-17 21:27:29,Lincoln Square East,Lincoln Square East,Manhattan,Manhattan
2019-03-30 00:02:40,2019-03-30 00:11:25,Midtown South,Kips Bay,Manhattan,Manhattan
2019-03-03 01:24:45,2019-03-03 01:29:32,,West Chelsea/Hudson Yards,,Manhattan
2019-03-05 20:33:14,2019-03-05 20:56:57,TriBeCa/Civic Center,East Harlem South,Manhattan,Manhattan
2019-03-13 12:11:35,2019-03-13 12:24:33,Manhattan Valley,Upper East Side North,Manhattan,Manhattan
2019-03-29 00:20:16,2019-03-29 00:24:06,Hudson Sq,SoHo,Manhattan,Manhattan
2019-03-05 09:52:36,2019-03-05 10:03:47,Greenwich Village North,Murray Hill,Manhattan,Manhattan
2019-03-30 12:34:41,2019-03-30 13:09:35,Battery Park City,LaGuardia Airport,Manhattan,Queens
2019-03-25 22:14:18,2019-03-25 22:26:38,Garment District,East Village,Manhattan,Manhattan
2019-03-01 16:06:38,2019-03-01 16:19:31,Murray Hill,Clinton West,Manhattan,Manhattan
2019-03-31 18:51:15,2019-03-31 19:01:14,Times Sq/Theatre District,Lenox Hill West,Manhattan,Manhattan
2019-03-07 22:58:59,2019-03-07 23:02:40,Sutton Place/Turtle Bay North,Murray Hill,Manhattan,Manhattan
2019-03-22 09:27:23,2019-03-22 09:47:03,Gramercy,Times Sq/Theatre District,Manhattan,Manhattan
2019-03-15 17:00:51,2019-03-15 17:06:36,Greenwich Village North,East Village,Manhattan,Manhattan
2019-03-23 13:15:50,2019-03-23 13:30:47,Penn Station/Madison Sq West,East Chelsea,Manhattan,Manhattan
2019-03-11 11:15:43,2019-03-11 11:27:36,Lenox Hill West,UN/Turtle Bay South,Manhattan,Manhattan
2019-03-10 17:43:09,2019-03-10 17:55:08,Clinton West,Meatpacking/West Village West,Manhattan,Manhattan
2019-03-09 17:14:24,2019-03-09 17:23:42,Midtown Center,Upper East Side North,Manhattan,Manhattan
2019-03-01 22:39:03,2019-03-01 22:51:14,Midtown North,Upper West Side North,Manhattan,Manhattan
2019-03-23 15:08:14,2019-03-23 15:35:29,Penn Station/Madison Sq West,Lenox Hill West,Manhattan,Manhattan
2019-03-10 10:15:12,2019-03-10 10:21:50,Upper East Side South,Murray Hill,Manhattan,Manhattan
2019-03-18 15:42:31,2019-03-18 15:52:16,Lincoln Square East,Upper East Side North,Manhattan,Manhattan
2019-03-04 09:52:32,2019-03-04 09:57:07,Flatiron,Greenwich Village South,Manhattan,Manhattan
2019-03-26 19:53:13,2019-03-26 19:56:27,Midtown East,Lenox Hill West,Manhattan,Manhattan
2019-03-22 20:42:52,2019-03-22 21:07:53,Williamsburg (South Side),Park Slope,Brooklyn,Brooklyn
2019-03-29 06:49:41,2019-03-29 06:54:41,Garment District,Murray Hill,Manhattan,Manhattan
2019-03-01 11:50:32,2019-03-01 11:59:16,East Village,SoHo,Manhattan,Manhattan
2019-03-05 12:57:42,2019-03-05 13:00:41,West Village,Flatiron,Manhattan,Manhattan
2019-03-12 17:39:50,2019-03-12 17:48:09,Lincoln Square East,Upper West Side North,Manhattan,Manhattan
2019-03-01 14:21:09,2019-03-01 14:39:12,Yorkville West,Midtown Center,Manhattan,Manhattan
2019-03-19 09:05:04,2019-03-19 09:16:59,Lincoln Square East,Yorkville West,Manhattan,Manhattan
2019-03-25 15:47:47,2019-03-25 16:15:56,Battery Park City,LaGuardia Airport,Manhattan,Queens
2019-03-06 11:24:49,2019-03-06 11:34:37,Little Italy/NoLiTa,Union Sq,Manhattan,Manhattan
2019-03-06 07:42:02,2019-03-06 07:54:57,Yorkville East,Midtown North,Manhattan,Manhattan
2019-03-28 16:50:32,2019-03-28 17:02:14,Upper East Side South,Times Sq/Theatre District,Manhattan,Manhattan
2019-03-08 16:01:14,2019-03-08 16:19:09,Midtown East,Garment District,Manhattan,Manhattan
2019-03-25 12:55:19,2019-03-25 13:04:12,West Village,Penn Station/Madison Sq West,Manhattan,Manhattan
2019-03-30 22:29:57,2019-03-30 22:44:26,Sutton Place/Turtle Bay North,Seaport,Manhattan,Manhattan
2019-03-27 14:37:38,2019-03-27 14:44:19,Lincoln Square West,Upper West Side North,Manhattan,Manhattan
2019-03-15 15:39:44,2019-03-15 16:36:49,UN/Turtle Bay South,JFK Airport,Manhattan,Queens
2019-03-31 07:52:57,2019-03-31 07:58:31,Meatpacking/West Village West,TriBeCa/Civic Center,Manhattan,Manhattan
2019-03-17 21:28:42,2019-03-17 21:44:25,Upper West Side South,East Chelsea,Manhattan,Manhattan
2019-03-24 16:03:55,2019-03-24 16:37:14,LaGuardia Airport,Upper West Side North,Queens,Manhattan
2019-03-16 19:55:52,2019-03-16 20:10:26,Flatiron,West Chelsea/Hudson Yards,Manhattan,Manhattan
2019-03-14 18:19:17,2019-03-14 18:27:37,Upper East Side North,Lincoln Square East,Manhattan,Manhattan
2019-03-18 21:52:51,2019-03-18 22:23:12,Midtown Center,Clinton Hill,Manhattan,Brooklyn
2019-03-02 10:32:56,2019-03-02 10:46:13,Garment District,Midtown North,Manhattan,Manhattan
2019-03-14 16:49:58,2019-03-14 17:07:29,Penn Station/Madison Sq West,Upper East Side North,Manhattan,Manhattan
2019-03-24 15:56:51,2019-03-24 16:01:10,Union Sq,Union Sq,Manhattan,Manhattan
2019-03-19 09:53:06,2019-03-19 09:57:25,Midtown East,Midtown North,Manhattan,Manhattan
2019-03-14 19:07:34,2019-03-14 19:27:16,Midtown Center,Penn Station/Madison Sq West,Manhattan,Manhattan
2019-03-06 20:29:15,2019-03-06 20:37:55,Midtown Center,UN/Turtle Bay South,Manhattan,Manhattan
2019-03-17 20:59:27,2019-03-17 21:17:14,LaGuardia Airport,Gramercy,Queens,Manhattan
2019-03-19 09:06:14,2019-03-19 09:13:28,Manhattan Valley,Upper West Side South,Manhattan,Manhattan
2019-03-19 14:25:42,2019-03-19 14:33:07,Upper East Side South,Lenox Hill West,Manhattan,Manhattan
2019-03-10 23:32:24,2019-03-10 23:47:17,Chinatown,Penn Station/Madison Sq West,Manhattan,Manhattan
2019-03-08 20:08:54,2019-03-08 20:21:56,Upper East Side South,Upper West Side North,Manhattan,Manhattan
2019-03-31 00:47:04,2019-03-31 01:03:48,Meatpacking/West Village West,Gramercy,Manhattan,Manhattan
2019-03-12 08:39:53,2019-03-12 09:08:13,Lincoln Square East,Union Sq,Manhattan,Manhattan
2019-03-31 15:32:00,2019-03-31 15:51:27,World Trade Center,Sutton Place/Turtle Bay North,Manhattan,Manhattan
2019-03-29 17:50:08,2019-03-29 18:10:22,Kips Bay,Garment District,Manhattan,Manhattan
2019-03-21 18:08:42,2019-03-21 18:33:24,Kips Bay,Midtown North,Manhattan,Manhattan
2019-03-23 18:35:04,2019-03-23 18:45:07,Astoria,Astoria,Queens,Queens
2019-03-10 01:43:32,2019-03-10 01:45:22,JFK Airport,JFK Airport,Queens,Queens
2019-03-30 12:55:12,2019-03-30 13:03:45,Clinton East,East Chelsea,Manhattan,Manhattan
2019-03-22 14:02:01,2019-03-22 14:29:30,Times Sq/Theatre District,Midtown South,Manhattan,Manhattan
2019-03-10 09:33:13,2019-03-10 09:52:04,,,,
2019-03-21 19:44:05,2019-03-21 20:02:01,Penn Station/Madison Sq West,Gramercy,Manhattan,Manhattan
2019-03-05 21:20:37,2019-03-05 21:35:33,LaGuardia Airport,Richmond Hill,Queens,Queens
2019-03-18 16:18:58,2019-03-18 16:26:04,Midtown Center,Midtown East,Manhattan,Manhattan
2019-03-27 06:25:26,2019-03-27 06:29:01,Morningside Heights,Upper West Side North,Manhattan,Manhattan
2019-03-06 21:26:14,2019-03-06 21:34:51,Times Sq/Theatre District,Midtown South,Manhattan,Manhattan
2019-03-10 09:30:10,2019-03-10 09:35:32,UN/Turtle Bay South,Gramercy,Manhattan,Manhattan
2019-03-24 11:48:12,2019-03-24 12:04:22,Murray Hill,Garment District,Manhattan,Manhattan
2019-03-08 18:59:13,2019-03-08 19:13:39,Gramercy,Lower East Side,Manhattan,Manhattan
2019-03-18 15:13:20,2019-03-18 15:18:16,Upper East Side South,Upper East Side North,Manhattan,Manhattan
2019-03-27 21:30:02,2019-03-27 21:34:02,Upper East Side South,Lenox Hill West,Manhattan,Manhattan
2019-03-08 23:12:14,2019-03-08 23:17:15,East Chelsea,Times Sq/Theatre District,Manhattan,Manhattan
2019-03-24 14:16:54,2019-03-24 14:23:09,Clinton East,Penn Station/Madison Sq West,Manhattan,Manhattan
2019-03-01 20:05:26,2019-03-01 20:12:28,Lenox Hill West,Upper West Side South,Manhattan,Manhattan
2019-03-31 09:34:59,2019-03-31 09:45:27,TriBeCa/Civic Center,East Village,Manhattan,Manhattan
2019-03-13 15:11:46,2019-03-13 15:56:23,Lincoln Square East,LaGuardia Airport,Manhattan,Queens
2019-03-30 03:52:04,2019-03-30 03:58:15,Greenwich Village South,SoHo,Manhattan,Manhattan
2019-03-01 10:39:19,2019-03-01 11:01:00,Times Sq/Theatre District,Midtown East,Manhattan,Manhattan
2019-03-12 14:17:24,2019-03-12 14:20:12,Murray Hill,Murray Hill,Manhattan,Manhattan
2019-03-05 13:30:27,2019-03-05 13:47:44,Lenox Hill East,Upper West Side South,Manhattan,Manhattan
2019-03-04 17:07:12,2019-03-04 17:12:00,Lenox Hill East,Lenox Hill West,Manhattan,Manhattan
2019-03-10 23:00:03,2019-03-10 23:13:05,Clinton East,Yorkville West,Manhattan,Manhattan
2019-03-19 16:06:15,2019-03-19 16:09:14,Murray Hill,Murray Hill,Manhattan,Manhattan
2019-03-29 07:52:46,2019-03-29 08:02:40,Yorkville East,,Manhattan,
2019-03-01 21:46:40,2019-03-01 22:08:18,West Village,Williamsburg (North Side),Manhattan,Brooklyn
2019-03-05 17:20:51,2019-03-05 17:29:04,Clinton East,Upper West Side South,Manhattan,Manhattan
2019-03-15 16:03:39,2019-03-15 16:13:15,SoHo,East Chelsea,Manhattan,Manhattan
2019-03-30 19:11:59,2019-03-30 19:18:32,Midtown East,Times Sq/Theatre District,Manhattan,Manhattan
2019-03-21 18:43:22,2019-03-21 19:45:04,Midtown Center,JFK Airport,Manhattan,Queens
2019-03-30 11:01:46,2019-03-30 11:03:47,West Village,West Village,Manhattan,Manhattan
2019-03-26 00:09:11,2019-03-26 00:19:26,Midtown East,East Village,Manhattan,Manhattan
2019-03-06 07:49:53,2019-03-06 07:54:25,Hudson Sq,Little Italy/NoLiTa,Manhattan,Manhattan
2019-03-13 18:30:02,2019-03-13 18:34:40,Sutton Place/Turtle Bay North,UN/Turtle Bay South,Manhattan,Manhattan
2019-03-25 18:12:38,2019-03-25 18:18:19,Union Sq,Murray Hill,Manhattan,Manhattan
2019-03-09 00:54:57,2019-03-09 01:03:36,Greenwich Village South,World Trade Center,Manhattan,Manhattan
2019-03-27 17:30:35,2019-03-27 17:44:31,Garment District,Lincoln Square East,Manhattan,Manhattan
2019-03-20 22:11:29,2019-03-20 22:21:49,Greenpoint,Astoria,Brooklyn,Queens
2019-03-29 23:35:26,2019-03-30 00:01:04,Lower East Side,Clinton East,Manhattan,Manhattan
2019-03-23 02:18:09,2019-03-23 02:32:25,Williamsburg (North Side),Crown Heights North,Brooklyn,Brooklyn
2019-03-27 11:47:04,2019-03-27 12:03:33,Midtown Center,Clinton East,Manhattan,Manhattan
2019-03-08 20:29:05,2019-03-08 20:33:15,Boerum Hill,Downtown Brooklyn/MetroTech,Brooklyn,Brooklyn
2019-03-20 22:06:04,2019-03-20 22:14:08,Garment District,Flatiron,Manhattan,Manhattan
2019-03-18 21:09:51,2019-03-18 21:19:06,Garment District,Clinton East,Manhattan,Manhattan
2019-03-19 13:21:04,2019-03-19 14:04:47,Penn Station/Madison Sq West,Astoria,Manhattan,Queens
2019-03-09 14:26:25,2019-03-09 14:38:56,Midtown Center,East Chelsea,Manhattan,Manhattan
2019-03-31 14:50:04,2019-03-31 15:06:27,Greenwich Village South,Murray Hill,Manhattan,Manhattan
2019-03-12 05:50:18,2019-03-12 05:55:23,Clinton East,Times Sq/Theatre District,Manhattan,Manhattan
2019-03-29 19:06:41,2019-03-29 19:12:29,Midtown East,Midtown East,Manhattan,Manhattan
2019-03-22 21:56:35,2019-03-22 22:04:37,Meatpacking/West Village West,TriBeCa/Civic Center,Manhattan,Manhattan
2019-03-08 11:33:44,2019-03-08 11:41:47,Upper West Side North,Lincoln Square East,Manhattan,Manhattan
2019-03-28 07:24:07,2019-03-28 07:28:17,Kips Bay,Gramercy,Manhattan,Manhattan
2019-03-12 21:34:00,2019-03-12 21:46:47,Lincoln Square East,Upper East Side North,Manhattan,Manhattan
2019-03-08 12:41:27,2019-03-08 12:57:30,Upper West Side North,Midtown North,Manhattan,Manhattan
2019-03-01 05:23:59,2019-03-01 05:27:33,Times Sq/Theatre District,Clinton East,Manhattan,Manhattan
2019-03-13 22:25:23,2019-03-13 22:35:01,Union Sq,Lower East Side,Manhattan,Manhattan
2019-03-06 13:58:42,2019-03-06 14:12:15,Midtown North,Midtown East,Manhattan,Manhattan
2019-03-09 23:04:18,2019-03-09 23:17:09,Lincoln Square East,Clinton East,Manhattan,Manhattan
2019-03-09 17:11:10,2019-03-09 17:28:21,Midtown East,Midtown South,Manhattan,Manhattan
2019-03-17 21:00:25,2019-03-17 21:43:21,JFK Airport,East Village,Queens,Manhattan
2019-03-21 06:15:31,2019-03-21 06:21:39,Garment District,Midtown Center,Manhattan,Manhattan
2019-03-28 12:10:52,2019-03-28 12:19:29,Upper East Side North,Upper East Side South,Manhattan,Manhattan
2019-03-09 13:18:27,2019-03-09 13:36:08,Yorkville West,Midtown South,Manhattan,Manhattan
2019-03-07 07:14:15,2019-03-07 07:31:19,East Chelsea,Upper West Side North,Manhattan,Manhattan
2019-03-07 20:36:25,2019-03-07 20:51:36,Midtown Center,Yorkville East,Manhattan,Manhattan
2019-03-23 19:54:25,2019-03-23 20:03:42,East Village,Kips Bay,Manhattan,Manhattan
2019-03-31 20:36:12,2019-03-31 20:49:40,West Chelsea/Hudson Yards,Times Sq/Theatre District,Manhattan,Manhattan
2019-03-08 20:50:10,2019-03-08 20:59:40,Kips Bay,East Village,Manhattan,Manhattan
2019-03-06 23:21:52,2019-03-06 23:45:30,JFK Airport,Murray Hill,Queens,Manhattan
2019-03-04 19:20:45,2019-03-04 19:33:27,Midtown East,East Village,Manhattan,Manhattan
2019-03-21 16:54:37,2019-03-21 17:02:59,Flatiron,Midtown South,Manhattan,Manhattan
2019-03-15 06:50:58,2019-03-15 06:59:33,Lincoln Square West,West Chelsea/Hudson Yards,Manhattan,Manhattan
2019-03-24 21:01:26,2019-03-24 21:13:11,UN/Turtle Bay South,Lower East Side,Manhattan,Manhattan
2019-03-26 20:13:27,2019-03-26 20:20:29,Greenwich Village North,East Village,Manhattan,Manhattan
2019-03-07 21:48:33,2019-03-07 22:02:02,Lenox Hill West,Morningside Heights,Manhattan,Manhattan
2019-03-16 16:24:28,2019-03-16 16:30:44,Financial District North,World Trade Center,Manhattan,Manhattan
2019-03-11 07:35:27,2019-03-11 07:49:04,LaGuardia Airport,Astoria,Queens,Queens
2019-03-14 13:52:01,2019-03-14 14:01:27,Lincoln Square West,Upper West Side South,Manhattan,Manhattan
2019-03-06 16:19:10,2019-03-06 16:22:01,Greenwich Village South,East Village,Manhattan,Manhattan
2019-03-08 10:46:23,2019-03-08 10:59:30,Sutton Place/Turtle Bay North,UN/Turtle Bay South,Manhattan,Manhattan
2019-03-15 17:57:09,2019-03-15 18:02:16,Clinton West,Clinton West,Manhattan,Manhattan
2019-03-29 20:39:03,2019-03-29 20:50:16,East Chelsea,West Village,Manhattan,Manhattan
2019-03-27 21:37:43,2019-03-27 21:54:09,Little Italy/NoLiTa,Fort Greene,Manhattan,Brooklyn
2019-03-11 21:41:34,2019-03-11 21:48:07,Upper West Side South,Lincoln Square West,Manhattan,Manhattan
2019-03-20 12:55:52,2019-03-20 13:07:00,Lincoln Square West,Morningside Heights,Manhattan,Manhattan
2019-03-25 09:48:52,2019-03-25 09:58:21,Midtown North,Central Park,Manhattan,Manhattan
2019-03-11 10:21:33,2019-03-11 10:34:36,Midtown North,Penn Station/Madison Sq West,Manhattan,Manhattan
2019-03-21 23:31:03,2019-03-21 23:42:56,Kips Bay,Lincoln Square East,Manhattan,Manhattan
2019-03-22 23:43:59,2019-03-22 23:57:03,Clinton East,Union Sq,Manhattan,Manhattan
2019-03-09 10:23:05,2019-03-09 10:36:47,Greenwich Village North,Midtown Center,Manhattan,Manhattan
2019-03-02 17:43:53,2019-03-02 17:57:36,Garment District,Lincoln Square East,Manhattan,Manhattan
2019-03-10 03:17:59,2019-03-10 03:37:49,Alphabet City,Williamsburg (North Side),Manhattan,Brooklyn
2019-03-23 12:06:35,2019-03-23 12:17:24,Penn Station/Madison Sq West,Clinton East,Manhattan,Manhattan
2019-03-28 18:18:48,2019-03-28 18:41:26,Union Sq,Battery Park City,Manhattan,Manhattan
2019-03-23 22:18:37,2019-03-23 22:23:57,Upper East Side South,Upper East Side North,Manhattan,Manhattan
2019-03-05 08:50:07,2019-03-05 09:15:56,Upper West Side North,Sutton Place/Turtle Bay North,Manhattan,Manhattan
2019-03-24 12:12:20,2019-03-24 12:27:55,UN/Turtle Bay South,Central Park,Manhattan,Manhattan
2019-03-12 14:40:30,2019-03-12 14:51:42,Lincoln Square West,Morningside Heights,Manhattan,Manhattan
2019-03-28 01:17:23,2019-03-28 01:27:33,Upper East Side South,Mott Haven/Port Morris,Manhattan,Bronx
2019-03-23 09:40:51,2019-03-23 09:47:15,Sunnyside,Sunnyside,Queens,Queens
2019-03-21 08:22:55,2019-03-21 09:01:55,Upper West Side South,Gramercy,Manhattan,Manhattan
2019-03-20 20:12:00,2019-03-20 20:22:39,Midtown South,West Village,Manhattan,Manhattan
2019-03-06 09:16:00,2019-03-06 09:39:38,Times Sq/Theatre District,Union Sq,Manhattan,Manhattan
2019-03-13 09:56:58,2019-03-13 10:49:35,Midtown Center,JFK Airport,Manhattan,Queens
2019-03-25 12:25:48,2019-03-25 12:40:37,Upper West Side South,West Chelsea/Hudson Yards,Manhattan,Manhattan
2019-03-06 17:22:21,2019-03-06 17:47:22,Lincoln Square West,Union Sq,Manhattan,Manhattan
2019-03-02 09:51:41,2019-03-02 09:52:52,Lenox Hill East,Lenox Hill West,Manhattan,Manhattan
2019-03-08 23:31:10,2019-03-08 23:54:13,Flatiron,Lower East Side,Manhattan,Manhattan
2019-03-29 07:13:54,2019-03-29 07:20:17,Midtown Center,Lenox Hill West,Manhattan,Manhattan
2019-03-10 00:18:51,2019-03-10 00:26:11,Ridgewood,Bushwick North,Queens,Brooklyn
2019-03-24 19:53:51,2019-03-24 20:00:07,Upper East Side North,Upper West Side North,Manhattan,Manhattan
2019-03-28 19:53:03,2019-03-28 20:04:10,Midtown Center,Long Island City/Hunters Point,Manhattan,Queens
2019-03-22 20:04:56,2019-03-22 20:08:38,Times Sq/Theatre District,Times Sq/Theatre District,Manhattan,Manhattan
2019-03-20 17:28:50,2019-03-20 17:36:37,Times Sq/Theatre District,Midtown North,Manhattan,Manhattan
2019-03-22 19:16:00,2019-03-22 19:24:56,Midtown Center,Upper East Side North,Manhattan,Manhattan
2019-03-27 11:59:57,2019-03-27 12:22:29,Clinton East,Upper East Side North,Manhattan,Manhattan
2019-03-19 14:01:31,2019-03-19 14:23:46,Midtown Center,Sunnyside,Manhattan,Queens
2019-03-27 07:31:25,2019-03-27 07:34:58,Clinton East,West Chelsea/Hudson Yards,Manhattan,Manhattan
2019-03-12 14:40:03,2019-03-12 14:57:59,Union Sq,East Chelsea,Manhattan,Manhattan
2019-03-22 01:01:00,2019-03-22 01:06:34,Midtown Center,Midtown East,Manhattan,Manhattan
2019-03-08 10:08:43,2019-03-08 10:16:57,Sutton Place/Turtle Bay North,Lenox Hill East,Manhattan,Manhattan
2019-03-23 23:19:39,2019-03-23 23:44:47,Upper West Side South,Battery Park City,Manhattan,Manhattan
2019-03-12 11:36:43,2019-03-12 11:57:15,Yorkville West,Upper East Side South,Manhattan,Manhattan
2019-03-16 19:14:40,2019-03-16 19:36:52,West Village,Lincoln Square East,Manhattan,Manhattan
2019-03-24 23:05:15,2019-03-24 23:20:16,Union Sq,Upper West Side North,Manhattan,Manhattan
2019-03-30 11:00:02,2019-03-30 11:10:11,Long Island City/Queens Plaza,UN/Turtle Bay South,Queens,Manhattan
2019-03-02 10:48:29,2019-03-02 10:57:30,Yorkville West,Midtown East,Manhattan,Manhattan
2019-03-17 01:20:45,2019-03-17 01:32:09,Lower East Side,East Williamsburg,Manhattan,Brooklyn
2019-03-01 15:52:51,2019-03-01 15:59:14,Upper East Side North,Upper East Side North,Manhattan,Manhattan
2019-03-19 18:17:13,2019-03-19 18:30:20,Penn Station/Madison Sq West,Times Sq/Theatre District,Manhattan,Manhattan
2019-03-09 20:45:37,2019-03-09 20:52:24,Kips Bay,East Village,Manhattan,Manhattan
2019-03-09 15:05:11,2019-03-09 16:00:44,JFK Airport,Midtown Center,Queens,Manhattan
2019-03-20 08:50:48,2019-03-20 09:07:31,Two Bridges/Seward Park,Lenox Hill East,Manhattan,Manhattan
2019-03-14 21:20:40,2019-03-14 21:34:04,Midtown Center,Yorkville West,Manhattan,Manhattan
2019-03-22 17:53:01,2019-03-22 18:19:12,Times Sq/Theatre District,TriBeCa/Civic Center,Manhattan,Manhattan
2019-03-04 00:46:26,2019-03-04 01:28:11,JFK Airport,Upper East Side North,Queens,Manhattan
2019-03-03 13:23:27,2019-03-03 13:35:31,Central Park,Times Sq/Theatre District,Manhattan,Manhattan
2019-03-16 13:40:25,2019-03-16 13:56:43,Astoria,Woodside,Queens,Queens
2019-03-29 14:20:18,2019-03-29 14:36:35,Hudson Sq,Murray Hill,Manhattan,Manhattan
2019-03-27 16:07:15,2019-03-27 16:27:06,Financial District North,East Village,Manhattan,Manhattan
2019-03-17 19:15:04,2019-03-17 19:24:32,East Chelsea,Penn Station/Madison Sq West,Manhattan,Manhattan
2019-03-08 23:00:22,2019-03-08 23:20:03,Yorkville West,Kips Bay,Manhattan,Manhattan
2019-03-20 10:25:52,2019-03-20 11:02:20,Hudson Sq,Upper East Side South,Manhattan,Manhattan
2019-03-21 21:07:34,2019-03-21 21:14:43,Meatpacking/West Village West,TriBeCa/Civic Center,Manhattan,Manhattan
2019-03-22 10:18:30,2019-03-22 11:06:57,LaGuardia Airport,Times Sq/Theatre District,Queens,Manhattan
2019-03-06 21:25:41,2019-03-06 21:31:41,Clinton East,Upper West Side South,Manhattan,Manhattan
2019-03-06 20:13:30,2019-03-06 20:27:10,Greenwich Village North,East Chelsea,Manhattan,Manhattan
2019-03-16 18:06:30,2019-03-16 18:12:24,World Trade Center,Financial District North,Manhattan,Manhattan
2019-03-07 10:23:25,2019-03-07 10:32:35,Midtown South,Penn Station/Madison Sq West,Manhattan,Manhattan
2019-03-19 16:36:44,2019-03-19 16:53:56,Lincoln Square East,Morningside Heights,Manhattan,Manhattan
2019-03-30 22:02:43,2019-03-30 22:49:48,Greenwich Village South,Upper West Side South,Manhattan,Manhattan
2019-03-11 20:06:38,2019-03-11 20:13:54,Meatpacking/West Village West,SoHo,Manhattan,Manhattan
2019-03-15 22:45:51,2019-03-15 23:09:31,Lower East Side,Lenox Hill West,Manhattan,Manhattan
2019-03-08 06:56:57,2019-03-08 07:04:10,Lincoln Square West,Clinton East,Manhattan,Manhattan
2019-03-24 20:14:24,2019-03-24 20:19:18,Lincoln Square East,Lincoln Square West,Manhattan,Manhattan
2019-03-20 02:00:58,2019-03-20 02:09:00,Midtown East,Flatiron,Manhattan,Manhattan
2019-03-14 21:07:51,2019-03-14 21:16:51,Gramercy,East Village,Manhattan,Manhattan
2019-03-26 15:04:49,2019-03-26 15:10:09,Midtown North,Times Sq/Theatre District,Manhattan,Manhattan
2019-03-23 16:47:59,2019-03-23 16:57:16,Central Park,Midtown Center,Manhattan,Manhattan
2019-03-05 20:10:48,2019-03-05 20:26:08,Penn Station/Madison Sq West,West Chelsea/Hudson Yards,Manhattan,Manhattan
2019-03-22 17:09:41,2019-03-22 17:20:25,East Village,West Village,Manhattan,Manhattan
2019-03-20 12:31:21,2019-03-20 13:12:07,Clinton East,Hillcrest/Pomonok,Manhattan,Queens
2019-03-12 13:36:25,2019-03-12 13:42:21,Midtown Center,Upper East Side South,Manhattan,Manhattan
2019-03-06 13:48:29,2019-03-06 14:08:58,Upper East Side South,Midtown Center,Manhattan,Manhattan
2019-03-01 11:48:17,2019-03-01 11:53:09,World Trade Center,Financial District South,Manhattan,Manhattan
2019-03-31 07:35:53,2019-03-31 07:47:11,Lincoln Square West,Yorkville West,Manhattan,Manhattan
2019-03-25 13:17:36,2019-03-25 13:26:21,Hudson Sq,Battery Park,Manhattan,Manhattan
2019-03-13 09:33:13,2019-03-13 09:50:59,Sutton Place/Turtle Bay North,Times Sq/Theatre District,Manhattan,Manhattan
2019-03-05 09:54:13,2019-03-05 10:18:37,Clinton East,Midtown North,Manhattan,Manhattan
2019-03-18 21:43:03,2019-03-18 22:11:19,LaGuardia Airport,Manhattan Valley,Queens,Manhattan
2019-03-08 16:07:58,2019-03-08 16:19:36,Lenox Hill West,Murray Hill,Manhattan,Manhattan
2019-03-05 22:04:53,2019-03-05 22:12:22,Upper East Side South,Manhattan Valley,Manhattan,Manhattan
2019-03-24 22:03:13,2019-03-24 22:08:34,Times Sq/Theatre District,Midtown South,Manhattan,Manhattan
2019-03-24 21:10:40,2019-03-24 21:17:04,West Village,East Village,Manhattan,Manhattan
2019-03-13 14:20:02,2019-03-13 14:29:07,Garment District,Midtown East,Manhattan,Manhattan
2019-03-26 15:14:06,2019-03-26 15:46:23,Upper East Side South,Bronxdale,Manhattan,Bronx
2019-03-16 20:50:49,2019-03-16 20:56:14,Upper East Side North,Upper East Side South,Manhattan,Manhattan
2019-03-27 22:49:19,2019-03-27 22:57:03,Times Sq/Theatre District,Midtown East,Manhattan,Manhattan
2019-03-14 21:26:04,2019-03-14 21:52:47,Murray Hill,Carroll Gardens,Manhattan,Brooklyn
2019-03-12 18:10:51,2019-03-12 18:44:29,Garment District,Washington Heights South,Manhattan,Manhattan
2019-03-30 14:12:53,2019-03-30 14:20:08,Union Sq,East Chelsea,Manhattan,Manhattan
2019-03-08 00:40:32,2019-03-08 01:11:53,TriBeCa/Civic Center,West Brighton,Manhattan,Staten Island
2019-03-31 21:26:33,2019-03-31 21:36:16,Union Sq,Little Italy/NoLiTa,Manhattan,Manhattan
2019-03-20 20:59:25,2019-03-20 21:02:50,Midtown North,Lincoln Square East,Manhattan,Manhattan
2019-03-31 12:41:16,2019-03-31 12:48:07,Hamilton Heights,Central Harlem North,Manhattan,Manhattan
2019-03-19 14:41:09,2019-03-19 14:56:02,Gramercy,Little Italy/NoLiTa,Manhattan,Manhattan
2019-03-28 07:29:15,2019-03-28 07:59:46,Sunnyside,Financial District North,Queens,Manhattan
2019-03-19 18:57:51,2019-03-19 19:09:13,Murray Hill,Penn Station/Madison Sq West,Manhattan,Manhattan
2019-03-14 23:31:59,2019-03-14 23:42:08,Penn Station/Madison Sq West,Lincoln Square East,Manhattan,Manhattan
2019-03-25 21:43:33,2019-03-25 21:51:23,Penn Station/Madison Sq West,Gramercy,Manhattan,Manhattan
2019-03-03 19:41:59,2019-03-03 19:50:18,Clinton East,Midtown North,Manhattan,Manhattan
2019-03-09 15:00:06,2019-03-09 15:50:29,Flatiron,,Manhattan,
2019-03-12 11:18:44,2019-03-12 11:28:22,Lincoln Square East,Central Park,Manhattan,Manhattan
2019-03-31 12:47:19,2019-03-31 12:54:54,Upper West Side South,Lincoln Square East,Manhattan,Manhattan
2019-03-19 18:23:20,2019-03-19 18:32:47,Lincoln Square West,Upper East Side South,Manhattan,Manhattan
2019-03-04 07:07:14,2019-03-04 07:11:15,Upper East Side North,Upper East Side North,Manhattan,Manhattan
2019-03-11 10:17:31,2019-03-11 11:03:55,East Harlem North,,Manhattan,
2019-03-03 11:43:13,2019-03-03 11:48:40,Little Italy/NoLiTa,East Village,Manhattan,Manhattan
2019-03-13 18:59:50,2019-03-13 19:28:55,Upper West Side South,Greenpoint,Manhattan,Brooklyn
2019-03-01 07:16:19,2019-03-01 07:23:47,Gramercy,Midtown South,Manhattan,Manhattan
2019-03-07 18:29:07,2019-03-07 18:42:38,Lincoln Square East,Midtown North,Manhattan,Manhattan
2019-03-09 10:44:52,2019-03-09 10:52:53,Yorkville West,Sutton Place/Turtle Bay North,Manhattan,Manhattan
2019-03-02 12:18:02,2019-03-02 12:37:42,Penn Station/Madison Sq West,East Village,Manhattan,Manhattan
2019-03-06 18:16:03,2019-03-06 18:41:07,Flatiron,Lincoln Square East,Manhattan,Manhattan
2019-03-22 07:20:24,2019-03-22 07:29:25,Times Sq/Theatre District,Garment District,Manhattan,Manhattan
2019-03-23 07:56:10,2019-03-23 08:02:34,Penn Station/Madison Sq West,West Chelsea/Hudson Yards,Manhattan,Manhattan
2019-03-12 08:07:08,2019-03-12 08:10:50,Midtown South,Midtown Center,Manhattan,Manhattan
2019-03-15 15:14:28,2019-03-15 15:20:33,Garment District,Lincoln Square East,Manhattan,Manhattan
2019-03-24 00:56:39,2019-03-24 01:03:15,Times Sq/Theatre District,Murray Hill,Manhattan,Manhattan
2019-03-19 08:50:46,2019-03-19 08:55:38,Manhattan Valley,Upper West Side South,Manhattan,Manhattan
2019-03-03 14:45:49,2019-03-03 14:52:31,Central Park,Lincoln Square East,Manhattan,Manhattan
2019-03-30 22:28:22,2019-03-30 22:34:46,Lincoln Square East,Midtown Center,Manhattan,Manhattan
2019-03-10 18:54:29,2019-03-10 19:05:40,Penn Station/Madison Sq West,Greenwich Village North,Manhattan,Manhattan
2019-03-29 09:00:11,2019-03-29 09:18:53,Upper West Side North,Lenox Hill West,Manhattan,Manhattan
2019-03-02 03:29:13,2019-03-02 03:53:18,Lower East Side,Clinton West,Manhattan,Manhattan
2019-03-12 11:21:59,2019-03-12 11:41:40,Gramercy,TriBeCa/Civic Center,Manhattan,Manhattan
2019-03-10 09:20:31,2019-03-10 09:23:51,Kips Bay,Sutton Place/Turtle Bay North,Manhattan,Manhattan
2019-03-01 17:42:35,2019-03-01 17:56:13,Hudson Sq,Union Sq,Manhattan,Manhattan
2019-03-11 08:25:01,2019-03-11 08:37:31,Murray Hill,Flatiron,Manhattan,Manhattan
2019-03-08 21:56:28,2019-03-08 22:02:48,East Chelsea,East Chelsea,Manhattan,Manhattan
2019-03-19 22:24:06,2019-03-19 22:38:27,Greenwich Village North,UN/Turtle Bay South,Manhattan,Manhattan
2019-03-18 14:03:18,2019-03-18 14:09:46,Midtown East,Lenox Hill West,Manhattan,Manhattan
2019-03-16 16:14:24,2019-03-16 16:29:57,Upper East Side North,Midtown East,Manhattan,Manhattan
2019-03-19 09:01:57,2019-03-19 09:23:59,Fort Greene,TriBeCa/Civic Center,Brooklyn,Manhattan
2019-03-28 18:39:55,2019-03-28 19:03:23,Lenox Hill West,Gramercy,Manhattan,Manhattan
2019-03-11 08:25:36,2019-03-11 08:55:18,Morningside Heights,Upper East Side North,Manhattan,Manhattan
2019-03-10 09:09:58,2019-03-10 09:14:52,Sutton Place/Turtle Bay North,Yorkville West,Manhattan,Manhattan
2019-03-31 02:19:19,2019-03-31 02:36:15,West Chelsea/Hudson Yards,East Harlem South,Manhattan,Manhattan
2019-03-12 20:30:18,2019-03-12 20:33:57,Upper West Side South,Upper West Side South,Manhattan,Manhattan
2019-03-08 21:20:20,2019-03-08 21:36:38,LaGuardia Airport,Rego Park,Queens,Queens
2019-03-27 15:06:32,2019-03-27 16:18:52,JFK Airport,Midtown North,Queens,Manhattan
2019-03-26 21:20:48,2019-03-26 21:29:46,Seaport,Battery Park City,Manhattan,Manhattan
2019-03-05 16:27:12,2019-03-05 17:01:36,Murray Hill,LaGuardia Airport,Manhattan,Queens
2019-03-27 10:18:15,2019-03-27 10:26:22,Upper West Side South,Lincoln Square East,Manhattan,Manhattan
2019-03-19 06:50:07,2019-03-19 07:01:21,Lenox Hill West,Gramercy,Manhattan,Manhattan
2019-03-05 21:09:00,2019-03-05 21:26:19,UN/Turtle Bay South,Lincoln Square East,Manhattan,Manhattan
2019-03-28 17:57:26,2019-03-28 17:59:45,Lincoln Square East,Midtown North,Manhattan,Manhattan
2019-03-20 00:55:55,2019-03-20 01:09:46,East Chelsea,Lower East Side,Manhattan,Manhattan
2019-03-15 08:34:06,2019-03-15 08:45:10,Upper East Side South,Midtown Center,Manhattan,Manhattan
2019-03-31 20:06:01,2019-03-31 20:31:38,JFK Airport,Middle Village,Queens,Queens
2019-03-12 08:02:59,2019-03-12 08:38:54,Washington Heights South,Upper East Side North,Manhattan,Manhattan
2019-03-04 18:37:54,2019-03-04 18:44:05,Yorkville West,Upper East Side North,Manhattan,Manhattan
2019-03-12 20:59:02,2019-03-12 21:02:36,Lincoln Square West,Lincoln Square West,Manhattan,Manhattan
2019-03-09 22:07:31,2019-03-09 22:23:10,Gramercy,Meatpacking/West Village West,Manhattan,Manhattan
2019-03-03 01:14:14,2019-03-03 01:23:08,TriBeCa/Civic Center,East Village,Manhattan,Manhattan
2019-03-30 16:35:21,2019-03-30 16:38:16,Garment District,Times Sq/Theatre District,Manhattan,Manhattan
2019-03-07 15:41:20,2019-03-07 15:53:22,Upper East Side South,East Harlem South,Manhattan,Manhattan
2019-03-29 21:45:00,2019-03-29 21:52:31,Upper West Side North,Upper East Side North,Manhattan,Manhattan
2019-03-20 08:30:00,2019-03-20 08:38:45,Union Sq,Penn Station/Madison Sq West,Manhattan,Manhattan
2019-03-01 14:31:20,2019-03-01 14:51:55,Midtown Center,Midtown East,Manhattan,Manhattan
2019-03-07 16:10:28,2019-03-07 16:14:55,TriBeCa/Civic Center,Battery Park City,Manhattan,Manhattan
2019-03-19 19:41:03,2019-03-19 19:50:13,Upper West Side South,Central Park,Manhattan,Manhattan
2019-03-30 18:04:37,2019-03-30 18:46:29,Union Sq,JFK Airport,Manhattan,Queens
2019-03-11 19:11:17,2019-03-11 19:19:11,Midtown South,Midtown Center,Manhattan,Manhattan
2019-03-10 14:45:46,2019-03-10 14:56:50,Lincoln Square East,Upper East Side South,Manhattan,Manhattan
2019-03-04 22:57:22,2019-03-04 23:17:27,LaGuardia Airport,Washington Heights South,Queens,Manhattan
2019-03-12 17:14:54,2019-03-12 17:23:18,Union Sq,West Village,Manhattan,Manhattan
2019-03-20 06:40:31,2019-03-20 06:43:05,Murray Hill,Penn Station/Madison Sq West,Manhattan,Manhattan
2019-03-02 00:06:36,2019-03-02 00:08:44,Upper East Side South,Upper East Side South,Manhattan,Manhattan
2019-03-13 21:44:11,2019-03-13 22:07:55,LaGuardia Airport,East Village,Queens,Manhattan
2019-03-05 11:06:51,2019-03-05 11:14:54,Midtown East,Midtown Center,Manhattan,Manhattan
2019-03-11 10:23:06,2019-03-11 10:27:57,Clinton East,Times Sq/Theatre District,Manhattan,Manhattan
2019-03-08 00:55:42,2019-03-08 01:00:34,Gramercy,Murray Hill,Manhattan,Manhattan
2019-03-22 10:20:34,2019-03-22 10:29:45,Garment District,Midtown South,Manhattan,Manhattan
2019-03-05 20:44:46,2019-03-05 20:52:02,Penn Station/Madison Sq West,Union Sq,Manhattan,Manhattan
2019-03-18 23:51:14,2019-03-19 00:05:36,Financial District South,Financial District South,Manhattan,Manhattan
2019-03-05 17:23:28,2019-03-05 17:40:17,Lincoln Square West,Yorkville East,Manhattan,Manhattan
2019-03-11 11:39:40,2019-03-11 12:17:41,Chinatown,Midtown East,Manhattan,Manhattan
2019-03-09 18:45:33,2019-03-09 18:55:00,Upper West Side North,Lincoln Square West,Manhattan,Manhattan
2019-03-08 19:30:26,2019-03-08 19:37:32,Clinton West,Upper West Side South,Manhattan,Manhattan
2019-03-01 23:15:11,2019-03-01 23:33:56,Garment District,East Village,Manhattan,Manhattan
2019-03-13 23:20:04,2019-03-13 23:30:36,Midtown East,East Chelsea,Manhattan,Manhattan
2019-03-07 00:03:38,2019-03-07 00:10:00,Greenwich Village North,Alphabet City,Manhattan,Manhattan
2019-03-24 19:17:44,2019-03-24 19:27:28,Seaport,Lower East Side,Manhattan,Manhattan
2019-03-17 21:53:11,2019-03-17 22:18:04,LaGuardia Airport,Upper West Side South,Queens,Manhattan
2019-03-10 14:02:13,2019-03-10 14:15:11,Gramercy,TriBeCa/Civic Center,Manhattan,Manhattan
2019-03-15 00:31:49,2019-03-15 00:45:30,Financial District South,Lower East Side,Manhattan,Manhattan
2019-03-11 10:40:57,2019-03-11 11:23:14,JFK Airport,Midtown South,Queens,Manhattan
2019-03-28 19:07:31,2019-03-28 19:24:12,Penn Station/Madison Sq West,Gramercy,Manhattan,Manhattan
2019-03-10 01:01:50,2019-03-10 01:16:55,Greenwich Village North,Greenwich Village South,Manhattan,Manhattan
2019-03-15 16:07:05,2019-03-15 16:17:55,Midtown Center,Garment District,Manhattan,Manhattan
2019-03-23 13:56:28,2019-03-23 13:58:12,Upper West Side South,Upper West Side South,Manhattan,Manhattan
2019-03-13 12:33:50,2019-03-13 12:42:00,Yorkville East,Murray Hill,Manhattan,Manhattan
2019-03-27 19:21:50,2019-03-27 19:29:21,Midtown Center,Lenox Hill West,Manhattan,Manhattan
2019-03-16 02:10:30,2019-03-16 02:12:32,Sutton Place/Turtle Bay North,UN/Turtle Bay South,Manhattan,Manhattan
2019-03-18 13:44:03,2019-03-18 13:55:24,Flatiron,Kips Bay,Manhattan,Manhattan
2019-03-17 10:04:11,2019-03-17 10:16:11,Yorkville West,Alphabet City,Manhattan,Manhattan
2019-03-09 21:42:15,2019-03-09 22:05:02,Times Sq/Theatre District,Financial District South,Manhattan,Manhattan
2019-03-01 16:09:27,2019-03-01 16:48:09,Van Cortlandt Village,Melrose South,Bronx,Bronx
2019-03-20 19:01:18,2019-03-20 19:16:58,Seaport,Union Sq,Manhattan,Manhattan
2019-03-07 11:58:44,2019-03-07 12:01:40,Upper East Side North,Lenox Hill East,Manhattan,Manhattan
2019-03-07 08:56:25,2019-03-07 09:09:39,Midtown North,Clinton East,Manhattan,Manhattan
2019-03-17 20:38:14,2019-03-17 20:46:50,Clinton East,Garment District,Manhattan,Manhattan
2019-03-11 15:20:05,2019-03-11 15:29:20,TriBeCa/Civic Center,Little Italy/NoLiTa,Manhattan,Manhattan
2019-03-10 15:02:22,2019-03-10 15:19:49,Clinton East,Long Island City/Hunters Point,Manhattan,Queens
2019-03-14 18:14:26,2019-03-14 18:31:40,Times Sq/Theatre District,UN/Turtle Bay South,Manhattan,Manhattan
2019-03-12 06:23:25,2019-03-12 06:28:55,East Village,Union Sq,Manhattan,Manhattan
2019-03-11 19:04:29,2019-03-11 19:17:39,Lincoln Square East,Upper East Side South,Manhattan,Manhattan
2019-03-04 07:11:30,2019-03-04 07:17:49,Garment District,Murray Hill,Manhattan,Manhattan
2019-03-20 14:05:21,2019-03-20 14:39:22,Van Cortlandt Village,Lenox Hill East,Bronx,Manhattan
2019-03-20 11:15:40,2019-03-20 11:42:10,Lower East Side,Penn Station/Madison Sq West,Manhattan,Manhattan
2019-03-09 08:10:17,2019-03-09 08:13:41,East Harlem South,East Harlem South,Manhattan,Manhattan
2019-03-21 07:47:45,2019-03-21 07:57:37,Hamilton Heights,Manhattan Valley,Manhattan,Manhattan
2019-03-18 18:35:42,2019-03-18 18:39:32,West Chelsea/Hudson Yards,Clinton West,Manhattan,Manhattan
2019-03-17 03:06:45,2019-03-17 03:25:46,Greenwich Village South,Upper East Side North,Manhattan,Manhattan
2019-03-27 14:45:56,2019-03-27 14:59:28,UN/Turtle Bay South,Times Sq/Theatre District,Manhattan,Manhattan
2019-03-07 19:39:20,2019-03-07 20:02:32,Penn Station/Madison Sq West,Two Bridges/Seward Park,Manhattan,Manhattan
2019-03-14 16:28:48,2019-03-14 17:24:39,JFK Airport,Lenox Hill West,Queens,Manhattan
2019-03-30 15:36:06,2019-03-30 15:57:44,West Chelsea/Hudson Yards,Greenwich Village South,Manhattan,Manhattan
2019-03-22 08:41:28,2019-03-22 08:46:48,Upper West Side South,Lincoln Square East,Manhattan,Manhattan
2019-03-21 18:53:32,2019-03-21 19:13:53,Midtown Center,West Chelsea/Hudson Yards,Manhattan,Manhattan
2019-03-21 23:27:45,2019-03-21 23:34:16,Greenwich Village South,Lower East Side,Manhattan,Manhattan
2019-03-27 11:31:43,2019-03-27 11:38:14,Clinton East,West Chelsea/Hudson Yards,Manhattan,Manhattan
2019-03-22 06:30:20,2019-03-22 06:40:57,Upper East Side North,Murray Hill,Manhattan,Manhattan
2019-03-08 19:10:22,2019-03-08 19:20:24,Union Sq,Penn Station/Madison Sq West,Manhattan,Manhattan
2019-03-16 17:37:27,2019-03-16 17:51:26,Meatpacking/West Village West,Garment District,Manhattan,Manhattan
2019-03-12 08:51:14,2019-03-12 08:56:02,Manhattan Valley,Upper West Side South,Manhattan,Manhattan
2019-03-18 17:24:49,2019-03-18 17:37:23,Financial District North,Murray Hill,Manhattan,Manhattan
2019-03-14 23:37:21,2019-03-15 00:17:07,Midtown Center,Howard Beach,Manhattan,Queens
2019-03-09 15:20:41,2019-03-09 15:26:06,Upper West Side South,Clinton East,Manhattan,Manhattan
2019-03-21 23:11:50,2019-03-21 23:17:26,West Village,West Village,Manhattan,Manhattan
2019-03-27 15:53:39,2019-03-27 16:27:01,Upper West Side North,Murray Hill,Manhattan,Manhattan
2019-03-22 00:04:23,2019-03-22 00:22:33,Upper East Side South,Washington Heights South,Manhattan,Manhattan
2019-03-03 03:43:35,2019-03-03 03:58:29,East Village,Clinton West,Manhattan,Manhattan
2019-03-20 15:39:32,2019-03-20 15:43:19,East Harlem South,Upper East Side North,Manhattan,Manhattan
2019-03-12 22:48:31,2019-03-12 23:18:42,JFK Airport,Lenox Hill East,Queens,Manhattan
2019-03-31 13:37:34,2019-03-31 13:56:07,Penn Station/Madison Sq West,Upper East Side North,Manhattan,Manhattan
2019-03-04 13:33:03,2019-03-04 13:35:46,Yorkville East,Yorkville East,Manhattan,Manhattan
2019-03-18 08:45:16,2019-03-18 08:52:43,Upper East Side South,Upper East Side North,Manhattan,Manhattan
2019-03-26 23:15:16,2019-03-26 23:18:11,Upper West Side North,Central Harlem,Manhattan,Manhattan
2019-03-05 21:21:28,2019-03-05 21:37:43,Lincoln Square East,Central Harlem,Manhattan,Manhattan
2019-03-12 11:29:41,2019-03-12 11:51:42,Union Sq,Times Sq/Theatre District,Manhattan,Manhattan
2019-03-06 12:28:21,2019-03-06 12:49:33,Upper East Side North,Midtown East,Manhattan,Manhattan
2019-03-04 15:59:58,2019-03-04 16:10:45,Lenox Hill West,Midtown Center,Manhattan,Manhattan
2019-03-08 18:13:45,2019-03-08 18:39:44,West Village,Lincoln Square East,Manhattan,Manhattan
2019-03-30 15:56:42,2019-03-30 16:06:54,Union Sq,East Village,Manhattan,Manhattan
2019-03-23 15:26:08,2019-03-23 15:39:28,West Village,Little Italy/NoLiTa,Manhattan,Manhattan
2019-03-27 13:40:32,2019-03-27 14:01:05,Greenwich Village North,Midtown North,Manhattan,Manhattan
2019-03-25 16:18:47,2019-03-25 16:45:18,Kips Bay,Hamilton Heights,Manhattan,Manhattan
2019-03-10 16:38:09,2019-03-10 17:03:03,East Village,Lenox Hill West,Manhattan,Manhattan
2019-03-16 20:41:56,2019-03-16 21:01:01,Meatpacking/West Village West,Murray Hill,Manhattan,Manhattan
2019-03-27 09:22:23,2019-03-27 09:27:39,Clinton West,Central Park,Manhattan,Manhattan
2019-03-19 20:13:26,2019-03-19 20:16:31,West Village,Greenwich Village South,Manhattan,Manhattan
2019-03-24 11:24:51,2019-03-24 11:40:08,East Harlem North,Little Italy/NoLiTa,Manhattan,Manhattan
2019-03-10 10:27:55,2019-03-10 10:31:06,Clinton East,Times Sq/Theatre District,Manhattan,Manhattan
2019-03-03 19:55:46,2019-03-03 20:00:51,Flatiron,Hudson Sq,Manhattan,Manhattan
2019-03-02 20:35:28,2019-03-02 20:49:47,LaGuardia Airport,Long Island City/Queens Plaza,Queens,Queens
2019-03-02 01:17:14,2019-03-02 01:36:17,Clinton East,Lower East Side,Manhattan,Manhattan
2019-03-16 21:38:23,2019-03-16 21:42:25,Clinton West,Clinton East,Manhattan,Manhattan
2019-03-26 21:18:06,2019-03-26 21:30:17,Union Sq,Lower East Side,Manhattan,Manhattan
2019-03-10 21:39:10,2019-03-10 21:46:31,Union Sq,West Village,Manhattan,Manhattan
2019-03-30 14:53:53,2019-03-30 15:07:02,Flatiron,Central Park,Manhattan,Manhattan
2019-03-29 21:55:32,2019-03-29 22:07:27,TriBeCa/Civic Center,Lower East Side,Manhattan,Manhattan
2019-03-01 20:27:10,2019-03-01 20:34:42,Kips Bay,East Village,Manhattan,Manhattan
2019-03-18 08:29:57,2019-03-18 08:31:58,Upper East Side North,Upper East Side North,Manhattan,Manhattan
2019-03-12 12:52:56,2019-03-12 12:58:45,Upper East Side South,Yorkville West,Manhattan,Manhattan
2019-03-26 11:21:49,2019-03-26 11:29:12,East Village,Greenwich Village North,Manhattan,Manhattan
2019-03-16 09:05:08,2019-03-16 09:10:29,Upper West Side South,Lincoln Square East,Manhattan,Manhattan
2019-03-20 21:42:01,2019-03-20 22:05:44,LaGuardia Airport,Upper West Side North,Queens,Manhattan
2019-03-13 19:28:40,2019-03-13 19:32:22,Hudson Sq,Meatpacking/West Village West,Manhattan,Manhattan
2019-03-14 07:01:55,2019-03-14 07:06:38,Clinton East,Times Sq/Theatre District,Manhattan,Manhattan
2019-03-16 11:25:44,2019-03-16 11:37:44,Yorkville East,Lower East Side,Manhattan,Manhattan
2019-03-16 12:47:42,2019-03-16 12:58:34,Upper East Side South,Upper East Side North,Manhattan,Manhattan
2019-03-15 17:04:47,2019-03-15 17:07:18,East Village,East Village,Manhattan,Manhattan
2019-03-26 14:16:48,2019-03-26 14:23:13,Lower East Side,Alphabet City,Manhattan,Manhattan
2019-03-07 12:40:39,2019-03-07 12:49:06,Upper East Side North,Yorkville East,Manhattan,Manhattan
2019-03-29 06:42:46,2019-03-29 06:46:59,Penn Station/Madison Sq West,West Village,Manhattan,Manhattan
2019-03-03 18:22:21,2019-03-03 18:32:15,Garment District,Clinton West,Manhattan,Manhattan
2019-03-05 11:52:24,2019-03-05 12:11:51,Upper East Side South,Upper East Side South,Manhattan,Manhattan
2019-03-06 09:24:48,2019-03-06 09:25:07,Midtown North,Midtown North,Manhattan,Manhattan
2019-03-14 16:20:07,2019-03-14 16:28:40,Lenox Hill East,Upper East Side South,Manhattan,Manhattan
2019-03-07 16:40:36,2019-03-07 16:43:02,Clinton East,Clinton West,Manhattan,Manhattan
2019-03-30 02:22:16,2019-03-30 02:36:27,Meatpacking/West Village West,Midtown Center,Manhattan,Manhattan
2019-03-17 11:59:53,2019-03-17 12:38:24,East Village,Central Harlem,Manhattan,Manhattan
2019-03-12 10:36:57,2019-03-12 10:52:27,Hudson Sq,Seaport,Manhattan,Manhattan
2019-03-27 15:18:33,2019-03-27 15:19:08,Financial District North,World Trade Center,Manhattan,Manhattan
2019-03-27 12:38:06,2019-03-27 12:40:11,Upper West Side South,Upper West Side North,Manhattan,Manhattan
2019-03-05 22:10:58,2019-03-05 22:21:05,Murray Hill,Upper East Side North,Manhattan,Manhattan
2019-03-18 05:13:36,2019-03-18 05:30:55,East Harlem South,LaGuardia Airport,Manhattan,Queens
2019-03-07 18:41:23,2019-03-07 19:00:41,UN/Turtle Bay South,Midtown North,Manhattan,Manhattan
2019-03-14 18:24:36,2019-03-14 18:38:05,Upper East Side North,Central Park,Manhattan,Manhattan
2019-03-26 18:56:24,2019-03-26 19:10:47,Manhattan Valley,Central Harlem,Manhattan,Manhattan
2019-03-05 21:47:04,2019-03-05 21:57:36,Murray Hill,Flatiron,Manhattan,Manhattan
2019-03-21 18:33:30,2019-03-21 18:40:05,Murray Hill,East Village,Manhattan,Manhattan
2019-03-28 21:34:09,2019-03-28 22:14:38,Gramercy,Midwood,Manhattan,Brooklyn
2019-03-16 08:32:55,2019-03-16 08:53:27,LaGuardia Airport,Long Island City/Queens Plaza,Queens,Queens
2019-03-20 00:51:31,2019-03-20 00:57:10,Times Sq/Theatre District,East Chelsea,Manhattan,Manhattan
2019-03-31 14:47:16,2019-03-31 14:58:54,Battery Park City,Little Italy/NoLiTa,Manhattan,Manhattan
2019-03-26 19:50:59,2019-03-26 20:00:16,Midtown East,Garment District,Manhattan,Manhattan
2019-03-11 17:18:03,2019-03-11 18:27:48,LaGuardia Airport,,Queens,
2019-03-29 20:48:40,2019-03-29 21:12:42,Long Island City/Hunters Point,Upper West Side South,Queens,Manhattan
2019-03-07 21:47:54,2019-03-07 22:29:35,Penn Station/Madison Sq West,East Williamsburg,Manhattan,Brooklyn
2019-03-26 13:23:44,2019-03-26 13:33:27,Upper East Side South,Upper East Side North,Manhattan,Manhattan
2019-03-17 14:35:18,2019-03-17 14:50:21,Yorkville East,Clinton West,Manhattan,Manhattan
2019-03-20 08:06:52,2019-03-20 08:13:20,Stuy Town/Peter Cooper Village,Gramercy,Manhattan,Manhattan
2019-03-10 13:48:07,2019-03-10 14:26:11,Penn Station/Madison Sq West,Crown Heights North,Manhattan,Brooklyn
2019-03-08 17:35:24,2019-03-08 17:48:39,Times Sq/Theatre District,Murray Hill,Manhattan,Manhattan
2019-03-20 17:49:03,2019-03-20 18:09:08,Times Sq/Theatre District,Upper East Side North,Manhattan,Manhattan
2019-03-14 17:49:57,2019-03-14 18:19:18,Union Sq,Lincoln Square West,Manhattan,Manhattan
2019-03-30 20:56:28,2019-03-30 21:10:22,Meatpacking/West Village West,East Village,Manhattan,Manhattan
2019-03-13 10:02:04,2019-03-13 10:15:35,Gramercy,Midtown Center,Manhattan,Manhattan
2019-03-03 18:15:18,2019-03-03 18:21:35,Greenwich Village North,East Village,Manhattan,Manhattan
2019-03-02 14:49:24,2019-03-02 14:54:12,Midtown East,Upper East Side North,Manhattan,Manhattan
2019-03-14 20:32:05,2019-03-14 20:48:18,Midtown South,Upper East Side South,Manhattan,Manhattan
2019-03-03 21:15:32,2019-03-03 21:40:15,Midtown South,Flatiron,Manhattan,Manhattan
2019-03-27 14:20:15,2019-03-27 14:31:48,TriBeCa/Civic Center,Union Sq,Manhattan,Manhattan
2019-03-12 12:23:29,2019-03-12 13:09:16,LaGuardia Airport,East Chelsea,Queens,Manhattan
2019-03-07 14:10:37,2019-03-07 14:28:08,Financial District South,Midtown Center,Manhattan,Manhattan
2019-03-13 13:00:49,2019-03-13 13:12:10,Midtown South,Midtown Center,Manhattan,Manhattan
2019-03-08 00:34:17,2019-03-08 00:38:14,Midtown South,Murray Hill,Manhattan,Manhattan
2019-03-19 16:08:42,2019-03-19 16:11:58,Midtown East,Murray Hill,Manhattan,Manhattan
2019-03-13 12:09:35,2019-03-13 12:20:45,Midtown Center,Midtown Center,Manhattan,Manhattan
2019-03-02 15:58:08,2019-03-02 16:15:43,Lower East Side,Midtown East,Manhattan,Manhattan
2019-03-17 15:10:47,2019-03-17 15:17:28,Meatpacking/West Village West,TriBeCa/Civic Center,Manhattan,Manhattan
2019-03-31 13:25:12,2019-03-31 13:32:10,Upper East Side South,Midtown Center,Manhattan,Manhattan
2019-03-04 21:24:54,2019-03-04 21:55:07,JFK Airport,,Queens,
2019-03-31 07:33:26,2019-03-31 07:35:34,Penn Station/Madison Sq West,Midtown Center,Manhattan,Manhattan
2019-03-06 17:01:34,2019-03-06 17:14:55,Upper East Side South,Yorkville East,Manhattan,Manhattan
2019-03-22 19:21:22,2019-03-22 19:29:00,Times Sq/Theatre District,Central Park,Manhattan,Manhattan
2019-03-10 14:02:58,2019-03-10 14:11:32,Union Sq,Murray Hill,Manhattan,Manhattan
2019-03-31 20:56:24,2019-03-31 21:02:29,Upper West Side North,Morningside Heights,Manhattan,Manhattan
2019-03-05 13:30:01,2019-03-05 13:42:20,Kips Bay,Midtown Center,Manhattan,Manhattan
2019-03-06 22:27:39,2019-03-06 22:39:22,Times Sq/Theatre District,Greenwich Village South,Manhattan,Manhattan
2019-03-07 16:41:17,2019-03-07 16:49:56,Midtown East,Murray Hill,Manhattan,Manhattan
2019-03-30 16:16:21,2019-03-30 16:27:35,Queensbridge/Ravenswood,Roosevelt Island,Queens,Manhattan
2019-03-29 18:53:13,2019-03-29 19:11:05,West Chelsea/Hudson Yards,UN/Turtle Bay South,Manhattan,Manhattan
2019-03-06 05:34:12,2019-03-06 05:43:33,Garment District,Lenox Hill East,Manhattan,Manhattan
2019-03-17 15:41:26,2019-03-17 15:45:04,Upper East Side North,Upper East Side North,Manhattan,Manhattan
2019-03-17 18:22:41,2019-03-17 18:46:26,JFK Airport,Canarsie,Queens,Brooklyn
2019-03-29 19:53:47,2019-03-29 19:59:13,UN/Turtle Bay South,Murray Hill,Manhattan,Manhattan
2019-03-17 17:50:09,2019-03-17 18:10:29,Washington Heights South,Manhattan Valley,Manhattan,Manhattan
2019-03-29 22:59:11,2019-03-29 23:20:04,Greenwich Village South,Midtown East,Manhattan,Manhattan
2019-03-29 16:01:55,2019-03-29 16:18:09,Upper East Side North,Upper East Side South,Manhattan,Manhattan
2019-03-31 02:38:28,2019-03-31 02:43:31,East Chelsea,Greenwich Village North,Manhattan,Manhattan
2019-03-09 11:19:25,2019-03-09 11:37:01,East Chelsea,Midtown East,Manhattan,Manhattan
2019-03-12 08:23:05,2019-03-12 08:45:47,Meatpacking/West Village West,Lincoln Square East,Manhattan,Manhattan
2019-03-08 14:51:04,2019-03-08 15:00:42,Clinton East,Penn Station/Madison Sq West,Manhattan,Manhattan
2019-03-21 12:04:05,2019-03-21 12:31:16,East Village,Murray Hill,Manhattan,Manhattan
2019-03-20 19:41:47,2019-03-20 19:50:21,SoHo,Union Sq,Manhattan,Manhattan
2019-03-11 17:33:14,2019-03-11 17:45:40,Midtown East,Times Sq/Theatre District,Manhattan,Manhattan
2019-03-08 08:03:22,2019-03-08 08:11:10,Carroll Gardens,Boerum Hill,Brooklyn,Brooklyn
2019-03-17 14:28:32,2019-03-17 14:45:22,East Chelsea,Clinton East,Manhattan,Manhattan
2019-03-06 10:12:48,2019-03-06 10:20:44,Midtown Center,Times Sq/Theatre District,Manhattan,Manhattan
2019-03-24 06:07:30,2019-03-24 06:12:22,,Midtown East,,Manhattan
2019-03-22 12:22:15,2019-03-22 12:39:08,Battery Park City,East Chelsea,Manhattan,Manhattan
2019-03-07 10:33:16,2019-03-07 11:02:37,Midtown North,Battery Park City,Manhattan,Manhattan
2019-03-28 19:48:00,2019-03-28 20:31:39,JFK Airport,Penn Station/Madison Sq West,Queens,Manhattan
2019-03-27 07:34:07,2019-03-27 07:36:17,Union Sq,Union Sq,Manhattan,Manhattan
2019-03-21 06:49:32,2019-03-21 07:29:34,Flatlands,Clinton East,Brooklyn,Manhattan
2019-03-17 16:54:01,2019-03-17 16:59:39,Greenwich Village North,West Village,Manhattan,Manhattan
2019-03-12 20:30:27,2019-03-12 20:34:46,Midtown East,Gramercy,Manhattan,Manhattan
2019-03-11 15:23:02,2019-03-11 16:10:26,UN/Turtle Bay South,Bay Ridge,Manhattan,Brooklyn
2019-03-27 22:38:49,2019-03-27 23:06:34,TriBeCa/Civic Center,Central Harlem North,Manhattan,Manhattan
2019-03-22 15:50:43,2019-03-22 15:58:57,Yorkville West,Lenox Hill West,Manhattan,Manhattan
2019-03-05 14:18:54,2019-03-05 14:27:11,Midtown North,Midtown Center,Manhattan,Manhattan
2019-03-26 13:34:56,2019-03-26 13:47:40,Union Sq,Midtown East,Manhattan,Manhattan
2019-03-30 17:07:48,2019-03-30 18:10:46,Financial District North,JFK Airport,Manhattan,Queens
2019-03-30 19:06:26,2019-03-30 19:21:31,Midtown Center,East Chelsea,Manhattan,Manhattan
2019-03-07 10:51:03,2019-03-07 11:08:09,Lenox Hill East,Central Harlem,Manhattan,Manhattan
2019-03-30 12:43:16,2019-03-30 12:58:44,East Village,Midtown South,Manhattan,Manhattan
2019-03-13 09:28:50,2019-03-13 09:58:19,West Chelsea/Hudson Yards,Midtown Center,Manhattan,Manhattan
2019-03-08 10:28:37,2019-03-08 11:03:15,Clinton East,UN/Turtle Bay South,Manhattan,Manhattan
2019-03-29 10:20:07,2019-03-29 10:39:47,Clinton East,Upper West Side South,Manhattan,Manhattan
2019-03-15 19:58:47,2019-03-15 20:09:02,Murray Hill,Murray Hill,Manhattan,Manhattan
2019-03-08 19:41:40,2019-03-08 19:45:22,East Harlem South,Upper East Side North,Manhattan,Manhattan
2019-03-29 19:41:41,2019-03-29 19:44:41,Lenox Hill East,Lenox Hill East,Manhattan,Manhattan
2019-03-20 07:18:12,2019-03-20 07:25:51,Carroll Gardens,Cobble Hill,Brooklyn,Brooklyn
2019-03-24 03:44:09,2019-03-24 03:52:13,Clinton East,Murray Hill,Manhattan,Manhattan
2019-03-05 14:33:24,2019-03-05 14:43:34,Flatiron,Hudson Sq,Manhattan,Manhattan
2019-03-29 18:05:22,2019-03-29 18:13:47,Flatiron,Murray Hill,Manhattan,Manhattan
2019-03-27 22:09:59,2019-03-27 22:18:10,Midtown North,Upper East Side North,Manhattan,Manhattan
2019-03-11 07:50:19,2019-03-11 07:55:48,Lenox Hill West,Lenox Hill West,Manhattan,Manhattan
2019-03-10 23:57:00,2019-03-11 00:22:22,LaGuardia Airport,Pelham Parkway,Queens,Bronx
2019-03-29 19:56:13,2019-03-29 20:28:42,Garment District,Central Harlem North,Manhattan,Manhattan
2019-03-27 10:17:51,2019-03-27 10:25:11,Gramercy,Murray Hill,Manhattan,Manhattan
2019-03-15 16:45:55,2019-03-15 17:46:47,LaGuardia Airport,Battery Park City,Queens,Manhattan
2019-03-11 17:14:25,2019-03-11 17:22:16,Greenwich Village North,Stuy Town/Peter Cooper Village,Manhattan,Manhattan
2019-03-18 13:30:10,2019-03-18 13:44:25,West Chelsea/Hudson Yards,Kips Bay,Manhattan,Manhattan
2019-03-02 15:50:36,2019-03-02 15:56:16,East Village,Midtown South,Manhattan,Manhattan
2019-03-13 23:04:32,2019-03-13 23:22:05,Gramercy,Upper East Side North,Manhattan,Manhattan
2019-03-17 10:57:04,2019-03-17 11:10:42,East Village,East Chelsea,Manhattan,Manhattan
2019-03-14 12:49:32,2019-03-14 12:53:14,Midtown East,Sutton Place/Turtle Bay North,Manhattan,Manhattan
2019-03-28 17:57:41,2019-03-28 18:10:43,Clinton East,Lincoln Square East,Manhattan,Manhattan
2019-03-18 14:28:51,2019-03-18 14:33:16,Midtown South,Murray Hill,Manhattan,Manhattan
2019-03-14 18:12:22,2019-03-14 18:35:46,Penn Station/Madison Sq West,West Chelsea/Hudson Yards,Manhattan,Manhattan
2019-03-08 08:12:06,2019-03-08 08:19:04,Clinton East,East Chelsea,Manhattan,Manhattan
2019-03-15 06:47:39,2019-03-15 06:57:06,Midtown South,Kips Bay,Manhattan,Manhattan
2019-03-12 18:42:51,2019-03-12 18:54:04,Midtown North,Central Park,Manhattan,Manhattan
2019-03-02 17:40:53,2019-03-02 17:59:26,East Harlem South,Midtown Center,Manhattan,Manhattan
2019-03-20 23:25:51,2019-03-20 23:39:36,Lincoln Square East,Murray Hill,Manhattan,Manhattan
2019-03-17 08:58:03,2019-03-17 08:59:57,West Village,Greenwich Village North,Manhattan,Manhattan
2019-03-01 17:02:34,2019-03-01 17:20:34,Lenox Hill East,Seaport,Manhattan,Manhattan
2019-03-13 14:15:35,2019-03-13 14:18:09,Central Park,Upper East Side North,Manhattan,Manhattan
2019-03-31 08:02:32,2019-03-31 08:08:13,Hudson Sq,Battery Park City,Manhattan,Manhattan
2019-03-31 21:27:22,2019-03-31 21:32:02,Upper East Side South,Upper East Side South,Manhattan,Manhattan
2019-03-26 12:25:37,2019-03-26 12:42:41,Lincoln Square West,Lenox Hill East,Manhattan,Manhattan
2019-03-15 14:01:54,2019-03-15 14:01:59,,,,
2019-03-06 08:36:13,2019-03-06 08:43:09,Meatpacking/West Village West,West Village,Manhattan,Manhattan
2019-03-28 20:32:19,2019-03-28 20:44:11,Clinton East,Penn Station/Madison Sq West,Manhattan,Manhattan
2019-03-07 08:48:06,2019-03-07 09:13:54,Midtown Center,UN/Turtle Bay South,Manhattan,Manhattan
2019-03-01 20:23:42,2019-03-01 20:27:04,Upper West Side South,Upper West Side North,Manhattan,Manhattan
2019-03-17 22:55:40,2019-03-17 23:12:12,Murray Hill,Lower East Side,Manhattan,Manhattan
2019-03-09 11:26:04,2019-03-09 11:32:20,Financial District North,Two Bridges/Seward Park,Manhattan,Manhattan
2019-03-07 07:31:58,2019-03-07 07:56:12,Midtown Center,Battery Park City,Manhattan,Manhattan
2019-03-08 12:02:02,2019-03-08 12:09:01,Murray Hill,East Village,Manhattan,Manhattan
2019-03-06 19:33:54,2019-03-06 19:39:24,Upper East Side North,Upper East Side South,Manhattan,Manhattan
2019-03-01 19:12:08,2019-03-01 19:22:19,Penn Station/Madison Sq West,Murray Hill,Manhattan,Manhattan
2019-03-17 10:02:59,2019-03-17 10:10:14,Midtown Center,Midtown East,Manhattan,Manhattan
2019-03-30 15:46:03,2019-03-30 15:58:05,Manhattan Valley,East Harlem South,Manhattan,Manhattan
2019-03-15 23:29:15,2019-03-15 23:38:09,West Chelsea/Hudson Yards,Union Sq,Manhattan,Manhattan
2019-03-18 08:44:18,2019-03-18 09:02:27,Upper West Side North,Midtown South,Manhattan,Manhattan
2019-03-08 10:48:54,2019-03-08 11:05:22,Union Sq,Murray Hill,Manhattan,Manhattan
2019-03-07 05:53:31,2019-03-07 05:59:20,Upper West Side North,East Harlem South,Manhattan,Manhattan
2019-03-21 16:18:23,2019-03-21 16:28:42,Midtown South,Midtown Center,Manhattan,Manhattan
2019-03-31 14:10:57,2019-03-31 14:39:09,Lincoln Square East,East Village,Manhattan,Manhattan
2019-03-15 23:02:54,2019-03-15 23:22:09,Times Sq/Theatre District,Astoria,Manhattan,Queens
2019-03-17 22:58:38,2019-03-17 23:00:51,East Harlem North,East Harlem South,Manhattan,Manhattan
2019-03-24 15:35:19,2019-03-24 15:40:17,Central Park,Lincoln Square East,Manhattan,Manhattan
2019-03-14 22:08:17,2019-03-14 22:15:57,Washington Heights South,Riverdale/North Riverdale/Fieldston,Manhattan,Bronx
2019-03-06 23:13:59,2019-03-06 23:28:59,Financial District North,Clinton Hill,Manhattan,Brooklyn
2019-03-04 09:41:37,2019-03-04 10:21:08,JFK Airport,West Village,Queens,Manhattan
2019-03-31 02:46:01,2019-03-31 03:03:41,West Village,Yorkville West,Manhattan,Manhattan
2019-03-11 19:56:59,2019-03-11 20:15:17,Midtown East,Greenwich Village South,Manhattan,Manhattan
2019-03-04 12:59:02,2019-03-04 13:06:44,Central Harlem,East Harlem North,Manhattan,Manhattan
2019-03-06 08:31:30,2019-03-06 08:51:10,Sutton Place/Turtle Bay North,Lincoln Square East,Manhattan,Manhattan
2019-03-20 00:12:41,2019-03-20 00:25:21,Alphabet City,Greenwich Village North,Manhattan,Manhattan
2019-03-15 08:29:44,2019-03-15 09:18:45,Upper West Side North,Roosevelt Island,Manhattan,Manhattan
2019-03-11 19:12:52,2019-03-11 19:26:42,Murray Hill,West Chelsea/Hudson Yards,Manhattan,Manhattan
2019-03-29 15:27:03,2019-03-29 15:32:47,Union Sq,Flatiron,Manhattan,Manhattan
2019-03-05 19:28:37,2019-03-05 19:44:16,Upper East Side South,Midtown East,Manhattan,Manhattan
2019-03-04 18:34:11,2019-03-04 18:43:34,Lincoln Square East,Lenox Hill West,Manhattan,Manhattan
2019-03-29 08:22:52,2019-03-29 08:46:44,TriBeCa/Civic Center,Murray Hill,Manhattan,Manhattan
2019-03-09 13:00:01,2019-03-09 13:05:35,Two Bridges/Seward Park,Lower East Side,Manhattan,Manhattan
2019-03-03 18:27:08,2019-03-03 18:40:00,Midtown East,Penn Station/Madison Sq West,Manhattan,Manhattan
2019-03-20 19:17:24,2019-03-20 19:25:50,Morningside Heights,Upper West Side South,Manhattan,Manhattan
2019-03-08 20:42:07,2019-03-08 21:14:40,Midtown South,Mott Haven/Port Morris,Manhattan,Bronx
2019-03-14 15:58:37,2019-03-14 16:10:12,Midtown East,Yorkville West,Manhattan,Manhattan
2019-03-16 09:56:29,2019-03-16 10:02:49,Midtown Center,Murray Hill,Manhattan,Manhattan
2019-03-25 18:11:53,2019-03-25 18:19:45,Union Sq,Penn Station/Madison Sq West,Manhattan,Manhattan
2019-03-09 16:57:24,2019-03-09 17:06:55,Greenwich Village South,Midtown South,Manhattan,Manhattan
2019-03-03 04:50:15,2019-03-03 05:04:47,Two Bridges/Seward Park,Union Sq,Manhattan,Manhattan
2019-03-25 21:12:33,2019-03-25 21:20:15,TriBeCa/Civic Center,Financial District South,Manhattan,Manhattan
2019-03-26 13:30:09,2019-03-26 13:42:35,East Harlem South,Gramercy,Manhattan,Manhattan
2019-03-18 18:50:37,2019-03-18 19:09:51,Seaport,Union Sq,Manhattan,Manhattan
2019-03-02 16:34:27,2019-03-02 16:39:25,Greenwich Village North,West Village,Manhattan,Manhattan
2019-03-19 14:25:46,2019-03-19 14:40:25,Penn Station/Madison Sq West,Murray Hill,Manhattan,Manhattan
2019-03-29 20:42:47,2019-03-29 21:03:50,,,,
2019-03-12 20:01:33,2019-03-12 20:28:51,JFK Airport,Long Island City/Hunters Point,Queens,Queens
2019-03-30 10:48:37,2019-03-30 11:05:54,Midtown South,Meatpacking/West Village West,Manhattan,Manhattan
2019-03-02 23:18:52,2019-03-02 23:37:40,East Village,Clinton East,Manhattan,Manhattan
2019-03-27 09:05:04,2019-03-27 09:16:59,Midtown South,Midtown East,Manhattan,Manhattan
2019-03-06 13:50:17,2019-03-06 14:34:36,JFK Airport,Central Harlem North,Queens,Manhattan
2019-03-16 20:39:27,2019-03-16 20:45:47,Little Italy/NoLiTa,TriBeCa/Civic Center,Manhattan,Manhattan
2019-03-22 19:03:02,2019-03-22 19:26:40,Garment District,Financial District North,Manhattan,Manhattan
2019-03-16 09:33:22,2019-03-16 09:35:14,Upper West Side South,Lincoln Square East,Manhattan,Manhattan
2019-03-28 19:13:03,2019-03-28 19:49:59,Upper East Side North,TriBeCa/Civic Center,Manhattan,Manhattan
2019-03-16 16:46:39,2019-03-16 16:49:17,Midtown South,Midtown South,Manhattan,Manhattan
2019-03-10 00:34:10,2019-03-10 00:59:42,Penn Station/Madison Sq West,East Concourse/Concourse Village,Manhattan,Bronx
2019-03-08 13:32:58,2019-03-08 13:39:34,Midtown Center,Upper East Side South,Manhattan,Manhattan
2019-03-05 14:37:50,2019-03-05 14:56:18,Financial District North,Gramercy,Manhattan,Manhattan
2019-03-31 13:45:10,2019-03-31 13:52:55,Morningside Heights,Manhattan Valley,Manhattan,Manhattan
2019-03-02 18:22:31,2019-03-02 18:33:00,West Village,Flatiron,Manhattan,Manhattan
2019-03-07 23:47:42,2019-03-07 23:57:40,Meatpacking/West Village West,SoHo,Manhattan,Manhattan
2019-03-31 11:38:35,2019-03-31 11:43:44,Union Sq,East Chelsea,Manhattan,Manhattan
2019-03-19 10:54:46,2019-03-19 11:11:31,Upper East Side South,Upper East Side North,Manhattan,Manhattan
2019-03-01 14:57:16,2019-03-01 15:05:48,Upper East Side South,Midtown Center,Manhattan,Manhattan
2019-03-27 12:59:37,2019-03-27 13:31:38,Upper East Side North,Brooklyn Heights,Manhattan,Brooklyn
2019-03-19 16:56:47,2019-03-19 17:21:07,Lincoln Square West,Union Sq,Manhattan,Manhattan
2019-03-09 22:47:42,2019-03-09 23:07:26,Clinton West,Central Harlem North,Manhattan,Manhattan
2019-03-08 21:36:24,2019-03-08 21:46:11,Murray Hill,Penn Station/Madison Sq West,Manhattan,Manhattan
2019-03-22 08:29:27,2019-03-22 08:47:35,Upper East Side North,Garment District,Manhattan,Manhattan
2019-03-29 17:34:57,2019-03-29 17:49:48,Financial District North,Murray Hill,Manhattan,Manhattan
2019-03-11 21:08:25,2019-03-11 21:14:23,Midtown East,Murray Hill,Manhattan,Manhattan
2019-03-23 22:09:10,2019-03-23 22:21:08,Midtown North,Upper West Side South,Manhattan,Manhattan
2019-03-10 23:34:24,2019-03-10 23:42:04,Central Harlem,East Harlem South,Manhattan,Manhattan
2019-03-19 00:47:16,2019-03-19 00:59:20,SoHo,West Chelsea/Hudson Yards,Manhattan,Manhattan
2019-03-06 08:00:17,2019-03-06 08:36:17,World Trade Center,Hamilton Heights,Manhattan,Manhattan
2019-03-22 20:21:14,2019-03-22 20:26:43,West Village,West Village,Manhattan,Manhattan
2019-03-16 23:51:04,2019-03-17 00:09:45,Greenwich Village South,Times Sq/Theatre District,Manhattan,Manhattan
2019-03-16 06:45:33,2019-03-16 06:52:49,Clinton West,Midtown South,Manhattan,Manhattan
2019-03-29 13:06:35,2019-03-29 13:10:29,Clinton East,Clinton West,Manhattan,Manhattan
2019-03-31 10:21:32,2019-03-31 10:36:58,Lenox Hill West,Greenwich Village North,Manhattan,Manhattan
2019-03-14 20:36:53,2019-03-14 20:46:11,Morningside Heights,Central Harlem North,Manhattan,Manhattan
2019-03-13 19:07:14,2019-03-13 19:12:07,Garment District,Clinton East,Manhattan,Manhattan
2019-03-19 19:15:19,2019-03-19 19:25:25,Lincoln Square East,Upper East Side North,Manhattan,Manhattan
2019-03-25 18:34:28,2019-03-25 18:38:22,Upper East Side South,Lenox Hill East,Manhattan,Manhattan
2019-03-26 19:05:36,2019-03-26 19:27:32,LaGuardia Airport,Richmond Hill,Queens,Queens
2019-03-10 17:21:49,2019-03-10 17:29:56,Lenox Hill West,UN/Turtle Bay South,Manhattan,Manhattan
2019-03-23 09:51:54,2019-03-23 09:59:43,Lenox Hill West,Midtown North,Manhattan,Manhattan
2019-03-02 18:31:49,2019-03-02 18:50:16,Murray Hill,Little Italy/NoLiTa,Manhattan,Manhattan
2019-03-01 12:00:46,2019-03-01 12:06:38,Clinton East,Clinton West,Manhattan,Manhattan
2019-03-21 08:49:52,2019-03-21 09:01:45,TriBeCa/Civic Center,Union Sq,Manhattan,Manhattan
2019-03-10 10:17:47,2019-03-10 10:26:54,Midtown North,Penn Station/Madison Sq West,Manhattan,Manhattan
2019-03-22 02:20:08,2019-03-22 02:28:19,Midtown Center,Clinton East,Manhattan,Manhattan
2019-03-22 11:38:52,2019-03-22 11:44:08,Midtown Center,Sutton Place/Turtle Bay North,Manhattan,Manhattan
2019-03-25 17:42:29,2019-03-25 17:56:05,West Chelsea/Hudson Yards,Greenwich Village South,Manhattan,Manhattan
2019-03-29 18:24:14,2019-03-29 18:39:19,Murray Hill,Penn Station/Madison Sq West,Manhattan,Manhattan
2019-03-07 16:55:43,2019-03-07 17:00:42,Lincoln Square West,Lincoln Square East,Manhattan,Manhattan
2019-03-14 22:55:43,2019-03-14 23:34:11,Times Sq/Theatre District,Crown Heights North,Manhattan,Brooklyn
2019-03-16 19:13:22,2019-03-16 19:53:19,Little Italy/NoLiTa,Midtown East,Manhattan,Manhattan
2019-03-03 08:49:14,2019-03-03 08:54:04,Garment District,East Chelsea,Manhattan,Manhattan
2019-03-30 08:43:28,2019-03-30 09:04:15,Upper East Side North,West Chelsea/Hudson Yards,Manhattan,Manhattan
2019-03-21 19:51:13,2019-03-21 19:57:03,,,,
2019-03-28 15:10:20,2019-03-28 15:13:37,Clinton East,Clinton East,Manhattan,Manhattan
2019-03-07 13:16:59,2019-03-07 13:48:41,Long Island City/Hunters Point,Jamaica,Queens,Queens
2019-03-05 00:26:11,2019-03-05 00:30:29,Midtown North,Lincoln Square West,Manhattan,Manhattan
2019-03-07 13:23:04,2019-03-07 13:32:04,Clinton East,West Chelsea/Hudson Yards,Manhattan,Manhattan
2019-03-22 10:20:17,2019-03-22 10:38:13,UN/Turtle Bay South,Union Sq,Manhattan,Manhattan
2019-03-08 19:52:35,2019-03-08 20:03:33,Lower East Side,Midtown South,Manhattan,Manhattan
2019-03-12 05:36:56,2019-03-12 05:42:01,Penn Station/Madison Sq West,Times Sq/Theatre District,Manhattan,Manhattan
2019-03-06 10:18:15,2019-03-06 10:26:49,Union Sq,West Chelsea/Hudson Yards,Manhattan,Manhattan
2019-03-02 16:08:03,2019-03-02 16:21:18,Midtown Center,Greenwich Village South,Manhattan,Manhattan
2019-03-02 21:42:07,2019-03-02 22:01:15,SoHo,Murray Hill,Manhattan,Manhattan
2019-03-03 12:55:38,2019-03-03 13:01:05,Midtown Center,Murray Hill,Manhattan,Manhattan
2019-03-13 21:44:34,2019-03-13 21:53:19,Midtown East,Upper East Side South,Manhattan,Manhattan
2019-03-05 10:08:16,2019-03-05 11:08:03,LaGuardia Airport,East Village,Queens,Manhattan
2019-03-08 02:56:38,2019-03-08 03:07:24,Murray Hill,West Village,Manhattan,Manhattan
2019-03-05 21:25:00,2019-03-05 21:31:31,Lincoln Square East,Times Sq/Theatre District,Manhattan,Manhattan
2019-03-21 20:15:42,2019-03-21 20:23:21,Clinton West,Upper West Side South,Manhattan,Manhattan
2019-03-07 15:43:26,2019-03-07 16:10:10,JFK Airport,Kew Gardens Hills,Queens,Queens
2019-03-06 23:37:56,2019-03-06 23:49:59,Manhattan Valley,Central Harlem North,Manhattan,Manhattan
2019-03-07 18:42:37,2019-03-07 19:17:06,LaGuardia Airport,East Village,Queens,Manhattan
2019-03-30 10:54:16,2019-03-30 11:03:00,East Chelsea,SoHo,Manhattan,Manhattan
2019-03-08 21:36:11,2019-03-08 21:47:20,West Chelsea/Hudson Yards,Upper West Side North,Manhattan,Manhattan
2019-03-01 09:52:57,2019-03-01 10:08:19,Yorkville East,Midtown East,Manhattan,Manhattan
2019-03-05 09:39:15,2019-03-05 10:22:07,West Chelsea/Hudson Yards,Midtown East,Manhattan,Manhattan
2019-03-21 13:30:44,2019-03-21 13:51:08,West Village,Clinton East,Manhattan,Manhattan
2019-03-21 18:45:13,2019-03-21 18:52:38,Greenwich Village North,East Village,Manhattan,Manhattan
2019-03-06 07:54:22,2019-03-06 08:21:38,Battery Park City,Midtown East,Manhattan,Manhattan
2019-03-08 20:17:01,2019-03-08 20:42:10,Financial District North,Midtown South,Manhattan,Manhattan
2019-03-02 19:09:35,2019-03-02 19:26:31,Midtown South,Yorkville West,Manhattan,Manhattan
2019-03-25 10:36:40,2019-03-25 10:47:26,Penn Station/Madison Sq West,Midtown Center,Manhattan,Manhattan
2019-03-24 14:18:04,2019-03-24 14:34:33,SoHo,Gramercy,Manhattan,Manhattan
2019-03-26 08:56:03,2019-03-26 09:23:25,Times Sq/Theatre District,TriBeCa/Civic Center,Manhattan,Manhattan
2019-03-11 17:53:03,2019-03-11 18:06:24,Union Sq,Upper East Side South,Manhattan,Manhattan
2019-03-22 20:29:21,2019-03-22 20:42:32,East Chelsea,Midtown South,Manhattan,Manhattan
2019-03-26 19:41:00,2019-03-26 19:48:14,Union Sq,Murray Hill,Manhattan,Manhattan
2019-03-18 10:23:22,2019-03-18 10:54:49,LaGuardia Airport,Chinatown,Queens,Manhattan
2019-03-06 09:35:34,2019-03-06 10:00:33,Upper East Side North,Times Sq/Theatre District,Manhattan,Manhattan
2019-03-16 11:04:35,2019-03-16 11:40:25,TriBeCa/Civic Center,Upper East Side North,Manhattan,Manhattan
2019-03-10 04:11:28,2019-03-10 04:17:21,West Chelsea/Hudson Yards,East Chelsea,Manhattan,Manhattan
2019-03-09 11:23:41,2019-03-09 11:38:36,Flatiron,Midtown East,Manhattan,Manhattan
2019-03-11 21:32:20,2019-03-11 21:40:59,Upper East Side North,Upper West Side North,Manhattan,Manhattan
2019-03-02 13:56:42,2019-03-02 14:17:46,LaGuardia Airport,Williamsburg (North Side),Queens,Brooklyn
2019-03-17 00:44:19,2019-03-17 00:50:58,Midtown Center,Upper West Side South,Manhattan,Manhattan
2019-03-25 08:30:40,2019-03-25 08:46:16,Upper East Side North,Morningside Heights,Manhattan,Manhattan
2019-03-10 22:57:15,2019-03-10 23:09:58,West Village,Times Sq/Theatre District,Manhattan,Manhattan
2019-03-29 10:00:02,2019-03-29 10:19:35,Clinton East,Midtown East,Manhattan,Manhattan
2019-03-07 13:22:35,2019-03-07 13:27:00,Manhattan Valley,Manhattan Valley,Manhattan,Manhattan
2019-03-15 17:46:09,2019-03-15 17:52:18,Times Sq/Theatre District,Times Sq/Theatre District,Manhattan,Manhattan
2019-03-04 20:37:15,2019-03-04 20:45:04,Greenwich Village North,Murray Hill,Manhattan,Manhattan
2019-03-23 02:31:10,2019-03-23 02:36:21,East Chelsea,Union Sq,Manhattan,Manhattan
2019-03-23 14:04:51,2019-03-23 14:14:47,Clinton East,Midtown North,Manhattan,Manhattan
2019-03-01 18:21:58,2019-03-01 18:27:29,Yorkville East,Upper East Side North,Manhattan,Manhattan
2019-03-08 08:19:48,2019-03-08 08:49:45,Penn Station/Madison Sq West,Midtown East,Manhattan,Manhattan
2019-03-12 17:15:40,2019-03-12 17:34:24,Yorkville West,Upper East Side South,Manhattan,Manhattan
2019-03-22 19:15:49,2019-03-22 19:24:54,Midtown North,Sutton Place/Turtle Bay North,Manhattan,Manhattan
2019-03-01 22:55:07,2019-03-01 23:18:29,East Village,East Williamsburg,Manhattan,Brooklyn
2019-03-07 20:35:40,2019-03-07 20:42:15,Clinton West,Midtown Center,Manhattan,Manhattan
2019-03-01 17:05:48,2019-03-01 17:13:13,Times Sq/Theatre District,Clinton East,Manhattan,Manhattan
2019-03-20 15:45:39,2019-03-20 15:58:57,Upper East Side North,Lenox Hill East,Manhattan,Manhattan
2019-03-30 07:57:26,2019-03-30 08:07:18,West Chelsea/Hudson Yards,Flatiron,Manhattan,Manhattan
2019-03-27 01:15:27,2019-03-27 01:23:07,Greenwich Village South,Kips Bay,Manhattan,Manhattan
2019-03-04 19:57:14,2019-03-04 20:02:27,Lincoln Square East,Lincoln Square East,Manhattan,Manhattan
2019-03-25 18:33:45,2019-03-25 18:39:54,Little Italy/NoLiTa,Greenwich Village South,Manhattan,Manhattan
2019-03-22 17:04:20,2019-03-22 17:17:15,Greenwich Village South,Stuy Town/Peter Cooper Village,Manhattan,Manhattan
2019-03-16 14:02:22,2019-03-16 14:19:22,Midtown Center,Upper East Side North,Manhattan,Manhattan
2019-03-04 15:23:10,2019-03-04 15:37:47,Upper West Side North,Midtown North,Manhattan,Manhattan
2019-03-11 22:38:56,2019-03-11 22:44:45,Garment District,Midtown North,Manhattan,Manhattan
2019-03-02 22:01:50,2019-03-02 22:09:59,Greenwich Village North,Gramercy,Manhattan,Manhattan
2019-03-29 18:54:16,2019-03-29 18:56:34,Gramercy,Stuy Town/Peter Cooper Village,Manhattan,Manhattan
2019-03-09 15:32:31,2019-03-09 15:44:03,Upper East Side South,Kips Bay,Manhattan,Manhattan
2019-03-25 09:53:53,2019-03-25 10:07:37,Midtown Center,Penn Station/Madison Sq West,Manhattan,Manhattan
2019-03-26 03:16:36,2019-03-26 03:35:04,Williamsburg (South Side),Bushwick South,Brooklyn,Brooklyn
2019-03-19 12:30:27,2019-03-19 12:49:12,Penn Station/Madison Sq West,Lincoln Square East,Manhattan,Manhattan
2019-03-27 13:08:29,2019-03-27 13:18:05,Flatiron,East Chelsea,Manhattan,Manhattan
2019-03-18 14:04:19,2019-03-18 14:13:16,East Harlem North,Upper East Side North,Manhattan,Manhattan
2019-03-27 21:00:59,2019-03-27 21:13:56,Little Italy/NoLiTa,West Chelsea/Hudson Yards,Manhattan,Manhattan
2019-03-22 02:04:40,2019-03-22 02:19:26,Midtown Center,Sunnyside,Manhattan,Queens
2019-03-04 17:07:13,2019-03-04 17:31:03,LaGuardia Airport,Midtown North,Queens,Manhattan
2019-03-08 08:37:55,2019-03-08 08:45:17,Midtown Center,Central Park,Manhattan,Manhattan
2019-03-21 05:25:46,2019-03-21 05:42:50,Central Park,LaGuardia Airport,Manhattan,Queens
2019-03-28 12:12:43,2019-03-28 12:18:01,Greenwich Village North,Greenwich Village South,Manhattan,Manhattan
2019-03-20 12:48:39,2019-03-20 13:06:53,LaGuardia Airport,East Harlem South,Queens,Manhattan
2019-03-11 08:31:11,2019-03-11 08:51:08,Union Sq,Lenox Hill East,Manhattan,Manhattan
2019-03-24 13:43:28,2019-03-24 13:52:33,Alphabet City,Greenwich Village South,Manhattan,Manhattan
2019-03-03 18:37:18,2019-03-03 18:45:24,Penn Station/Madison Sq West,Times Sq/Theatre District,Manhattan,Manhattan
2019-03-17 22:08:06,2019-03-17 22:24:13,Murray Hill,Long Island City/Hunters Point,Manhattan,Queens
2019-03-20 16:17:43,2019-03-20 16:36:16,Meatpacking/West Village West,Alphabet City,Manhattan,Manhattan
2019-03-31 16:13:54,2019-03-31 16:19:30,Yorkville East,Lenox Hill West,Manhattan,Manhattan
2019-03-27 22:56:59,2019-03-27 23:08:16,Little Italy/NoLiTa,East Chelsea,Manhattan,Manhattan
2019-03-21 08:24:51,2019-03-21 08:29:31,Lincoln Square West,Lincoln Square West,Manhattan,Manhattan
2019-03-26 18:36:08,2019-03-26 19:03:16,Battery Park City,East Village,Manhattan,Manhattan
2019-03-14 19:28:18,2019-03-14 19:32:32,Midtown South,Murray Hill,Manhattan,Manhattan
2019-03-08 06:50:20,2019-03-08 06:55:43,Greenwich Village South,Penn Station/Madison Sq West,Manhattan,Manhattan
2019-03-15 19:05:05,2019-03-15 19:18:11,West Village,Battery Park,Manhattan,Manhattan
2019-03-20 12:15:06,2019-03-20 12:34:39,Murray Hill,Central Park,Manhattan,Manhattan
2019-03-24 22:56:11,2019-03-24 23:15:23,LaGuardia Airport,Central Harlem,Queens,Manhattan
2019-03-15 18:18:23,2019-03-15 18:28:45,Times Sq/Theatre District,Central Park,Manhattan,Manhattan
2019-03-31 00:14:11,2019-03-31 00:25:44,Flatiron,Murray Hill,Manhattan,Manhattan
2019-03-04 21:08:04,2019-03-04 21:18:33,Sutton Place/Turtle Bay North,Gramercy,Manhattan,Manhattan
2019-03-12 13:05:22,2019-03-12 13:31:47,Battery Park City,Garment District,Manhattan,Manhattan
2019-03-15 08:42:56,2019-03-15 08:47:27,Upper East Side South,Lenox Hill East,Manhattan,Manhattan
2019-03-01 17:53:56,2019-03-01 17:54:19,TriBeCa/Civic Center,TriBeCa/Civic Center,Manhattan,Manhattan
2019-03-21 13:45:23,2019-03-21 13:56:04,Midtown East,Midtown North,Manhattan,Manhattan
2019-03-13 10:57:06,2019-03-13 11:03:29,Upper East Side South,Upper East Side North,Manhattan,Manhattan
2019-03-11 21:19:42,2019-03-11 21:29:23,Battery Park City,Financial District North,Manhattan,Manhattan
2019-03-20 18:09:46,2019-03-20 18:16:52,Upper West Side South,Upper East Side North,Manhattan,Manhattan
2019-03-09 11:08:09,2019-03-09 11:18:03,Lenox Hill West,Upper West Side South,Manhattan,Manhattan
2019-03-22 18:12:50,2019-03-22 18:22:05,West Village,Penn Station/Madison Sq West,Manhattan,Manhattan
2019-03-15 13:07:37,2019-03-15 13:12:41,East Harlem North,Yorkville East,Manhattan,Manhattan
2019-03-05 09:48:01,2019-03-05 10:08:00,Mount Hope,Norwood,Bronx,Bronx
2019-03-23 10:43:41,2019-03-23 10:58:43,Mott Haven/Port Morris,East Concourse/Concourse Village,Bronx,Bronx
2019-03-06 16:47:56,2019-03-06 17:07:03,Washington Heights South,Bloomingdale,Manhattan,Manhattan
2019-03-18 13:20:19,2019-03-18 13:32:24,Washington Heights South,West Concourse,Manhattan,Bronx
2019-03-22 16:48:21,2019-03-22 16:58:33,Park Slope,Fort Greene,Brooklyn,Brooklyn
2019-03-04 10:47:27,2019-03-04 10:59:50,Hamilton Heights,Highbridge,Manhattan,Bronx
2019-03-02 23:02:04,2019-03-02 23:13:30,Astoria,Sunnyside,Queens,Queens
2019-03-16 20:17:52,2019-03-16 20:23:32,Central Harlem North,Central Harlem,Manhattan,Manhattan
2019-03-15 16:07:16,2019-03-15 16:09:43,Central Harlem,East Harlem South,Manhattan,Manhattan
2019-03-21 00:02:10,2019-03-21 00:11:21,Boerum Hill,Sunset Park West,Brooklyn,Brooklyn
2019-03-01 16:24:53,2019-03-01 16:46:42,Morningside Heights,East Harlem North,Manhattan,Manhattan
2019-03-05 17:24:30,2019-03-05 17:29:47,Steinway,Steinway,Queens,Queens
2019-03-22 10:51:16,2019-03-22 11:06:48,Crown Heights North,Crown Heights North,Brooklyn,Brooklyn
2019-03-03 14:00:29,2019-03-03 14:16:12,Brooklyn Heights,Bedford,Brooklyn,Brooklyn
2019-03-30 17:19:26,2019-03-30 17:30:46,Astoria,Steinway,Queens,Queens
2019-03-31 21:55:23,2019-03-31 22:02:47,Old Astoria,Jackson Heights,Queens,Queens
2019-03-17 22:23:59,2019-03-17 22:35:49,Jackson Heights,Corona,Queens,Queens
2019-03-16 22:06:05,2019-03-16 22:17:20,Mott Haven/Port Morris,Soundview/Castle Hill,Bronx,Bronx
2019-03-23 11:52:37,2019-03-23 11:58:08,Morningside Heights,Morningside Heights,Manhattan,Manhattan
2019-03-20 18:09:20,2019-03-20 18:19:38,Central Harlem,East Harlem North,Manhattan,Manhattan
2019-03-03 20:18:35,2019-03-03 20:26:27,East Harlem South,Bloomingdale,Manhattan,Manhattan
2019-03-21 13:59:01,2019-03-21 14:04:54,Morningside Heights,Manhattan Valley,Manhattan,Manhattan
2019-03-20 12:57:46,2019-03-20 13:01:51,Rego Park,Forest Hills,Queens,Queens
2019-03-01 15:16:25,2019-03-01 15:29:40,Bay Ridge,Gravesend,Brooklyn,Brooklyn
2019-03-02 22:56:52,2019-03-02 22:59:51,Morningside Heights,Morningside Heights,Manhattan,Manhattan
2019-03-22 12:17:21,2019-03-22 12:29:00,East Harlem South,Central Harlem,Manhattan,Manhattan
2019-03-27 10:18:24,2019-03-27 10:27:09,Downtown Brooklyn/MetroTech,Columbia Street,Brooklyn,Brooklyn
2019-03-11 10:29:53,2019-03-11 10:32:27,Astoria,Steinway,Queens,Queens
2019-03-31 17:40:14,2019-03-31 17:50:10,Midwood,Manhattan Beach,Brooklyn,Brooklyn
2019-03-19 21:09:25,2019-03-19 21:19:35,Fort Greene,Park Slope,Brooklyn,Brooklyn
2019-03-31 14:18:05,2019-03-31 14:29:38,Rego Park,Elmhurst,Queens,Queens
2019-03-30 11:05:27,2019-03-30 11:19:06,Woodside,Flushing,Queens,Queens
2019-03-24 12:17:16,2019-03-24 12:28:59,Woodside,Old Astoria,Queens,Queens
2019-03-16 08:46:29,2019-03-16 08:47:13,Murray Hill-Queens,Murray Hill-Queens,Queens,Queens
2019-03-13 19:48:25,2019-03-13 19:58:51,Sheepshead Bay,Sheepshead Bay,Brooklyn,Brooklyn
2019-03-06 08:34:54,2019-03-06 09:11:42,Saint Albans,Rego Park,Queens,Queens
2019-03-27 10:48:05,2019-03-27 10:58:06,Allerton/Pelham Gardens,Co-Op City,Bronx,Bronx
2019-03-27 09:30:05,2019-03-27 09:35:50,Central Harlem,Morningside Heights,Manhattan,Manhattan
2019-03-14 07:59:12,2019-03-14 08:05:27,East Harlem South,East Harlem North,Manhattan,Manhattan
2019-03-11 10:10:14,2019-03-11 10:22:24,Forest Hills,Corona,Queens,Queens
2019-03-05 07:23:49,2019-03-05 09:11:29,University Heights/Morris Heights,Yorkville East,Bronx,Manhattan
2019-03-16 18:29:51,2019-03-16 18:34:16,Central Harlem North,Hamilton Heights,Manhattan,Manhattan
2019-03-17 12:39:28,2019-03-17 12:53:44,East Harlem North,Hamilton Heights,Manhattan,Manhattan
2019-03-18 23:48:38,2019-03-18 23:56:36,Steinway,Jackson Heights,Queens,Queens
2019-03-25 17:43:57,2019-03-25 18:19:25,Brooklyn Heights,East Flatbush/Remsen Village,Brooklyn,Brooklyn
2019-03-17 23:16:34,2019-03-17 23:16:52,Murray Hill-Queens,Murray Hill-Queens,Queens,Queens
2019-03-08 23:22:22,2019-03-08 23:26:26,Fort Greene,Boerum Hill,Brooklyn,Brooklyn
2019-03-06 17:37:53,2019-03-06 17:41:37,Fort Greene,Fort Greene,Brooklyn,Brooklyn
2019-03-15 21:25:41,2019-03-15 21:51:22,DUMBO/Vinegar Hill,West Village,Brooklyn,Manhattan
2019-03-27 20:00:14,2019-03-27 20:06:38,Downtown Brooklyn/MetroTech,Boerum Hill,Brooklyn,Brooklyn
2019-03-02 19:25:01,2019-03-02 19:28:00,Central Harlem,Central Harlem North,Manhattan,Manhattan
2019-03-13 09:04:25,2019-03-13 09:39:54,East New York,Jamaica,Brooklyn,Queens
2019-03-06 13:33:13,2019-03-06 14:29:45,Kingsbridge Heights,Kingsbridge Heights,Bronx,Bronx
2019-03-25 01:51:01,2019-03-25 02:08:23,Elmhurst,Murray Hill-Queens,Queens,Queens
2019-03-01 21:21:01,2019-03-01 21:28:00,Astoria,Woodside,Queens,Queens
2019-03-09 09:31:50,2019-03-09 09:50:01,Flushing,Flushing,Queens,Queens
2019-03-10 16:28:21,2019-03-10 16:30:46,Central Harlem,Central Harlem,Manhattan,Manhattan
2019-03-17 07:14:23,2019-03-17 07:25:12,Long Island City/Hunters Point,Lenox Hill East,Queens,Manhattan
2019-03-17 14:00:01,2019-03-17 14:06:24,East Harlem South,Upper West Side North,Manhattan,Manhattan
2019-03-11 00:05:38,2019-03-11 00:15:33,Williamsburg (North Side),Bushwick South,Brooklyn,Brooklyn
2019-03-09 21:41:33,2019-03-09 21:46:23,Jackson Heights,Elmhurst,Queens,Queens
2019-03-06 18:27:59,2019-03-06 18:43:24,Downtown Brooklyn/MetroTech,Red Hook,Brooklyn,Brooklyn
2019-03-12 07:10:30,2019-03-12 07:14:18,Long Island City/Hunters Point,Long Island City/Hunters Point,Queens,Queens
2019-03-18 10:29:33,2019-03-18 10:38:15,Downtown Brooklyn/MetroTech,Clinton Hill,Brooklyn,Brooklyn
2019-03-30 00:07:07,2019-03-30 00:13:27,Sunnyside,Astoria,Queens,Queens
2019-03-01 16:37:58,2019-03-01 16:49:05,Forest Hills,Hillcrest/Pomonok,Queens,Queens
2019-03-24 02:41:56,2019-03-24 03:01:14,Greenpoint,Ridgewood,Brooklyn,Queens
2019-03-15 14:14:34,2019-03-15 14:26:41,Crown Heights North,Crown Heights North,Brooklyn,Brooklyn
2019-03-28 12:46:54,2019-03-28 12:51:24,Morningside Heights,Morningside Heights,Manhattan,Manhattan
2019-03-06 13:52:46,2019-03-06 14:00:53,Central Harlem,Central Harlem North,Manhattan,Manhattan
2019-03-18 19:14:57,2019-03-18 19:19:47,Astoria,Steinway,Queens,Queens
2019-03-22 03:28:18,2019-03-22 03:43:44,Elmhurst,College Point,Queens,Queens
2019-03-08 22:23:49,2019-03-08 22:30:16,Sheepshead Bay,Manhattan Beach,Brooklyn,Brooklyn